date,container,dry_bulk,general_cargo,roro,tanker,cargo_total,total,cap_container_dwt,cap_dry_bulk_dwt,cap_general_cargo_dwt,cap_roro_dwt,cap_tanker_dwt
2019-01-01,8,11,2,3,42,24,66,191610,326461,10255,2898,2495676
2019-01-02,13,10,0,2,45,25,70,547743,487020,0,2013,1680733
2019-01-03,11,10,4,0,54,25,79,428426,360563,12144,0,2922246
2019-01-04,12,14,2,1,42,29,71,573967,438669,22708,8512,1559196
2019-01-05,15,13,3,1,41,32,73,557629,659561,2521,0,2151691
2019-01-06,7,15,1,2,40,25,65,129019,490939,1799,7826,2487646
2019-01-07,10,8,4,1,60,23,83,343721,226869,14350,2281,2479232
2019-01-08,8,10,8,1,42,27,69,363172,382677,58634,0,1089847
2019-01-09,7,6,4,1,26,18,44,271559,281960,9307,0,1885463
2019-01-10,10,8,6,2,43,26,69,286487,189300,25189,12097,807159
2019-01-11,8,9,4,1,49,22,71,315331,220227,4757,6926,1015141
2019-01-12,8,10,6,0,42,24,66,235034,214084,31290,0,795232
2019-01-13,7,12,2,1,28,22,50,374576,415932,5407,0,1585647
2019-01-14,8,6,4,5,43,23,66,460797,122220,17756,4518,3009894
2019-01-15,12,10,4,4,32,30,62,552642,113578,27156,13915,1447540
2019-01-16,10,19,6,1,37,36,73,477913,583847,19872,0,2347453
2019-01-17,11,13,4,0,37,28,65,353541,517151,10013,0,2146416
2019-01-18,11,7,1,0,38,19,57,393980,269350,4546,0,2116818
2019-01-19,9,11,4,2,41,26,67,313474,149061,15137,0,1566967
2019-01-20,11,14,5,2,50,32,82,379462,623089,35572,3476,1627617
2019-01-21,7,11,6,2,41,26,67,281689,370999,59561,8883,357934
2019-01-22,8,8,2,3,43,21,64,267049,378121,9020,6352,2228951
2019-01-23,5,6,0,0,38,11,49,265863,44838,0,0,2002254
2019-01-24,6,9,1,0,35,16,51,123371,223192,17519,0,2050334
2019-01-25,11,9,4,0,30,24,54,435737,253029,34051,0,1493370
2019-01-26,10,12,3,0,47,25,72,409224,337253,9592,0,1890765
2019-01-27,10,12,2,0,44,24,68,327753,617858,32752,0,2508779
2019-01-28,11,12,3,3,35,29,64,288592,369533,23678,9034,1126002
2019-01-29,11,7,4,0,38,22,60,446134,375494,11055,0,2361125
2019-01-30,7,14,4,2,44,27,71,198816,552539,11766,4234,1531906
2019-01-31,6,9,5,1,32,21,53,293004,368901,20187,2013,1806392
2019-02-01,8,8,3,0,39,19,58,282772,233110,16277,0,1851368
2019-02-02,10,3,4,1,40,18,58,357447,126345,16182,2013,2494766
2019-02-03,6,9,6,2,42,23,65,249022,205446,54444,0,1686854
2019-02-04,7,14,2,1,38,24,62,336169,370599,8381,0,1010318
2019-02-05,9,18,1,3,35,31,66,384026,251039,0,7281,634799
2019-02-06,8,12,2,0,36,22,58,297577,373934,17196,0,1085360
2019-02-07,8,17,1,5,39,31,70,244359,431909,4180,4219,1825098
2019-02-08,9,11,2,2,45,24,69,302333,278857,3152,0,989152
2019-02-09,6,10,4,0,50,20,70,217217,359963,37973,0,1709525
2019-02-10,8,12,6,0,45,26,71,375324,527123,57873,0,2500360
2019-02-11,7,9,1,2,30,19,49,393358,458930,0,0,1211492
2019-02-12,11,9,3,3,36,26,62,396885,406913,7862,8901,679577
2019-02-13,3,13,2,1,40,19,59,158819,428082,10900,0,949458
2019-02-14,9,13,6,2,44,30,74,457266,416099,3740,341,1022426
2019-02-15,10,16,5,2,40,33,73,375536,456946,18448,341,1830094
2019-02-16,11,14,2,0,47,27,74,500271,542967,6856,0,1968781
2019-02-17,4,9,2,0,34,15,49,270852,340247,4178,0,973603
2019-02-18,13,17,4,1,47,35,82,392158,363023,14049,3877,1414823
2019-02-19,8,10,7,2,38,27,65,328697,416404,27796,6764,977417
2019-02-20,10,15,5,0,46,30,76,208880,370882,16227,0,760090
2019-02-21,9,18,1,3,53,31,84,236942,360272,2720,6324,931179
2019-02-22,16,15,1,3,51,35,86,377270,521817,0,3736,1929967
2019-02-23,12,10,6,1,56,29,85,594397,479144,4919,5803,2383118
2019-02-24,13,14,3,3,45,33,78,591626,350721,39677,10575,1466085
2019-02-25,10,9,2,0,34,21,55,441722,274243,5759,0,1416791
2019-02-26,12,10,3,1,33,26,59,453473,439146,18801,3679,892455
2019-02-27,1,16,0,1,30,18,48,78576,695207,0,0,780024
2019-02-28,7,14,1,4,38,26,64,306150,225223,5265,6910,1417121
2019-03-01,8,10,3,3,55,24,79,339615,288112,12210,0,2744314
2019-03-02,13,14,3,1,40,31,71,358677,717664,8530,0,1013580
2019-03-03,7,14,1,3,48,25,73,305706,508015,4406,3496,1059240
2019-03-04,7,9,3,1,36,20,56,295692,199645,25445,2901,610519
2019-03-05,14,12,3,2,47,31,78,620848,421074,7334,0,1912592
2019-03-06,11,14,7,1,57,33,90,411827,661801,14847,0,1431073
2019-03-07,4,10,3,1,35,18,53,116283,356514,16790,0,1042593
2019-03-08,5,17,3,1,51,26,77,197968,604930,8721,3732,2380754
2019-03-09,15,10,3,1,61,29,90,886899,283269,22919,0,2364771
2019-03-10,7,7,1,2,39,17,56,439319,261993,1501,7573,776267
2019-03-11,8,11,1,1,26,21,47,242532,248768,31146,4322,516214
2019-03-12,9,7,0,2,39,18,57,328633,230937,0,3182,3360945
2019-03-13,12,15,3,1,47,31,78,274753,501198,15554,0,2385427
2019-03-14,10,9,4,3,38,26,64,373175,222404,11117,3242,1854419
2019-03-15,6,11,3,4,39,24,63,239500,401899,4018,0,2533719
2019-03-16,9,12,1,1,37,23,60,356008,298690,19909,0,1504703
2019-03-17,12,12,3,2,50,29,79,604749,422671,12120,7573,1408745
2019-03-18,6,2,1,1,34,10,44,134114,70432,4406,2884,1241617
2019-03-19,12,10,2,2,39,26,65,486753,203478,9988,0,1273998
2019-03-20,11,11,3,2,45,27,72,408014,209356,550,4602,1511595
2019-03-21,5,13,3,1,39,22,61,127072,281689,66027,3267,1583965
2019-03-22,8,14,1,1,37,24,61,265488,506447,152,0,1533779
2019-03-23,12,14,2,2,38,30,68,509366,415541,4118,0,2250838
2019-03-24,9,11,7,1,36,28,64,240386,215418,23478,3332,641687
2019-03-25,12,9,5,0,27,26,53,583064,365245,41411,0,620773
2019-03-26,9,13,1,2,38,25,63,378306,371319,0,0,949423
2019-03-27,11,6,4,4,42,25,67,434390,112006,17249,9022,860056
2019-03-28,6,7,2,1,33,16,49,221955,195082,23365,0,2131023
2019-03-29,13,19,6,2,40,40,80,640711,498708,14117,0,2165428
2019-03-30,12,11,3,0,55,26,81,448897,264507,22166,0,1876682
2019-03-31,5,10,4,3,38,22,60,166312,283412,25146,0,2000944
2019-04-01,13,14,1,1,49,29,78,596990,408659,17458,0,1337594
2019-04-02,9,12,4,2,31,27,58,295859,268716,31051,4157,1174054
2019-04-03,10,14,3,3,35,30,65,347637,258777,4000,2043,1699083
2019-04-04,2,9,1,2,23,14,37,98951,270253,20862,8236,306163
2019-04-05,9,18,2,2,47,31,78,220592,619849,8578,4684,2191199
2019-04-06,11,16,3,2,50,32,82,486460,479273,11116,7746,1626493
2019-04-07,11,9,2,1,47,23,70,434792,400295,12971,5159,1854930
2019-04-08,17,11,6,1,47,35,82,635446,245171,58881,5449,1671463
2019-04-09,7,10,4,4,58,25,83,353848,228908,17584,4340,2549512
2019-04-10,10,13,3,0,39,26,65,358549,505239,33111,0,2048066
2019-04-11,10,8,3,0,47,21,68,370168,228219,35170,0,2365827
2019-04-12,4,11,4,1,40,20,60,172073,442456,27634,3136,1103373
2019-04-13,12,11,3,3,44,29,73,485210,313813,9775,8171,1197040
2019-04-14,7,11,1,1,27,20,47,250417,238938,15240,0,1012999
2019-04-15,8,24,4,4,49,40,89,288816,1093914,19259,8171,1582141
2019-04-16,16,14,6,2,43,38,81,645006,575214,22222,9542,2001985
2019-04-17,10,22,6,3,48,41,89,262916,989915,24390,7538,3554368
2019-04-18,8,15,1,0,44,24,68,326788,412040,0,0,2543778
2019-04-19,13,17,2,1,67,33,100,549336,347805,9368,0,3293738
2019-04-20,15,19,3,2,57,39,96,550733,510122,9932,3179,2770762
2019-04-21,14,20,5,3,49,42,91,535051,538848,22150,4429,1736573
2019-04-22,19,26,0,2,49,47,96,796079,999531,0,0,3157422
2019-04-23,5,14,2,3,34,24,58,156562,458744,38800,8309,2096022
2019-04-24,16,8,3,2,43,29,72,524978,333928,8843,0,2015749
2019-04-25,11,14,2,2,46,29,75,389588,308400,7120,7998,1060580
2019-04-26,12,15,2,1,45,30,75,423562,813335,12171,464,2159687
2019-04-27,13,19,6,3,65,41,106,552442,477745,71857,2673,2979808
2019-04-28,14,17,6,2,52,39,91,561918,556905,30743,2673,3666875
2019-04-29,16,21,4,4,58,45,103,460018,779666,22215,11153,2848702
2019-04-30,8,15,3,2,42,28,70,411847,513189,23912,6930,2037684
2019-05-01,6,15,4,1,37,26,63,309933,439365,27680,3859,1159043
2019-05-02,13,19,8,2,62,42,104,636619,490694,19297,3859,2893659
2019-05-03,17,22,7,1,52,47,99,627477,717975,55129,0,2522019
2019-05-04,10,13,3,1,49,27,76,532537,567875,45392,0,4198945
2019-05-05,11,12,2,0,37,25,62,435404,574665,4934,0,2506935
2019-05-06,11,17,1,2,47,31,78,408766,559881,0,2277,2768993
2019-05-07,10,10,4,3,54,27,81,398433,201643,17758,5299,1979308
2019-05-08,17,21,2,1,62,41,103,377004,539757,6409,2761,3204031
2019-05-09,16,16,3,1,36,36,72,374970,585035,14149,6223,1823559
2019-05-10,13,13,0,0,47,26,73,602665,347291,0,0,1666790
2019-05-11,12,14,0,1,50,27,77,494372,539833,0,3944,1765276
2019-05-12,9,12,4,1,49,26,75,277199,587980,8443,0,3104457
2019-05-13,13,15,5,3,48,36,84,474853,231322,13805,3209,2383458
2019-05-14,10,11,3,2,27,26,53,266968,356256,32491,13095,1338722
2019-05-15,6,20,0,1,55,27,82,317139,569398,0,0,2987626
2019-05-16,8,15,2,1,47,26,73,192157,391955,6548,3209,2514083
2019-05-17,15,22,4,3,57,44,101,460684,778140,10567,3362,2681620
2019-05-18,8,15,0,3,47,26,73,241259,420165,0,2711,2615678
2019-05-19,10,9,4,2,53,25,78,331495,202740,47428,0,3403923
2019-05-20,8,12,0,3,42,23,65,236106,222940,0,0,2423271
2019-05-21,9,9,1,1,32,20,52,371400,244813,22260,0,2612374
2019-05-22,10,11,6,2,39,29,68,339651,288030,59706,1602,1349228
2019-05-23,10,10,5,2,53,27,80,295631,204586,31480,0,2631367
2019-05-24,18,12,5,4,49,39,88,652512,484924,35858,0,1895393
2019-05-25,17,17,0,1,50,35,85,617902,797259,0,0,3057128
2019-05-26,8,16,0,0,54,24,78,297926,891327,0,0,2097967
2019-05-27,16,18,3,2,62,39,101,808782,700585,16085,0,3628989
2019-05-28,12,11,5,1,35,29,64,388836,230445,31748,0,1200638
2019-05-29,14,25,6,1,52,46,98,579345,576366,43452,0,2337477
2019-05-30,14,19,2,1,66,36,102,398638,383706,28500,2483,3027073
2019-05-31,15,18,3,0,52,36,88,534012,935541,31275,0,1734419
2019-06-01,5,7,0,2,28,14,42,200506,410252,0,0,1127553
2019-06-02,13,14,6,1,58,34,92,609472,388785,28824,5962,2912506
2019-06-03,16,16,3,2,67,37,104,623522,573293,28561,464,4133846
2019-06-04,10,19,3,3,70,35,105,439923,531418,25373,292,2874286
2019-06-05,4,15,2,1,36,22,58,109468,427945,4720,292,1374972
2019-06-06,16,20,3,0,43,39,82,429104,549759,0,0,639743
2019-06-07,14,16,5,0,57,35,92,631106,614929,10615,0,3667504
2019-06-08,9,15,3,3,51,30,81,319433,766410,4365,5676,2422220
2019-06-09,8,13,4,3,43,28,71,430110,377751,7598,2912,1308199
2019-06-10,11,23,1,4,46,39,85,336060,484053,3043,2912,2260809
2019-06-11,9,20,5,4,54,38,92,356626,477141,28786,5088,3032854
2019-06-12,10,16,1,2,51,29,80,371576,345109,0,0,2707077
2019-06-13,9,8,4,1,39,22,61,427038,98453,40957,0,1461778
2019-06-14,9,18,1,1,36,29,65,385228,363333,37465,3747,1390513
2019-06-15,16,17,2,0,35,35,70,516018,519431,6731,0,1402003
2019-06-16,19,13,4,0,77,36,113,574923,584964,20880,0,4390680
2019-06-17,10,22,3,1,59,36,95,451268,1151423,2418,0,2711051
2019-06-18,12,19,2,1,52,34,86,356962,903111,2418,0,3424160
2019-06-19,8,14,0,4,48,26,74,336782,419283,0,7666,1625875
2019-06-20,16,15,5,4,52,40,92,578077,425942,38362,10710,1680540
2019-06-21,18,18,3,3,53,42,95,803255,458823,45680,11900,2732664
2019-06-22,15,16,6,2,52,39,91,551493,631764,78881,2577,1756216
2019-06-23,9,11,2,1,39,23,62,406361,436969,17368,0,2352179
2019-06-24,15,16,3,4,79,38,117,640796,511050,3389,6990,3048981
2019-06-25,16,12,4,1,72,33,105,528213,564726,10515,3070,3682954
2019-06-26,16,14,7,2,66,39,105,686257,433669,55110,3070,4092980
2019-06-27,19,16,7,1,62,43,105,647274,464525,23312,0,2469967
2019-06-28,14,19,3,2,51,38,89,521951,718525,3121,0,2885083
2019-06-29,8,9,5,0,51,22,73,294672,219986,30374,0,1907403
2019-06-30,21,22,3,3,60,49,109,749402,675347,8211,6952,3635835
2019-07-01,21,20,2,4,68,47,115,726295,526712,4243,13516,3039789
2019-07-02,15,13,12,2,49,42,91,502047,448394,23780,341,2259883
2019-07-03,17,20,4,4,72,45,117,466629,722969,59088,464,3457039
2019-07-04,22,29,4,2,66,57,123,782998,1070701,29059,464,4561503
2019-07-05,11,15,4,4,57,34,91,314144,424793,21414,341,3012423
2019-07-06,23,27,6,1,65,57,122,762779,751392,56531,0,2163920
2019-07-07,16,23,5,2,53,46,99,397016,725628,75980,5034,2504246
2019-07-08,12,14,9,3,58,38,96,383404,285870,30041,8663,2111928
2019-07-09,6,18,5,3,43,32,75,164252,328260,18146,2973,1282870
2019-07-10,7,15,0,3,41,25,66,131390,358115,0,0,2279959
2019-07-11,14,19,4,4,53,41,94,472474,492186,38000,15914,2079273
2019-07-12,18,12,9,2,67,41,108,625723,293413,31513,8064,3731479
2019-07-13,12,12,5,2,40,31,71,511818,292668,26829,0,1869238
2019-07-14,12,20,8,3,46,43,89,403092,680545,70468,6153,1893490
2019-07-15,18,18,6,2,54,44,98,513631,804125,17061,289,2617907
2019-07-16,11,19,6,3,54,39,93,355811,559695,70067,5226,2898117
2019-07-17,16,13,4,3,49,36,85,465617,584284,11311,1952,2325295
2019-07-18,12,15,4,2,50,33,83,448093,162798,43550,2013,2365864
2019-07-19,14,11,6,0,47,31,78,438536,229765,12766,0,2563347
2019-07-20,11,13,5,1,38,30,68,357452,213520,20447,4635,2362424
2019-07-21,13,19,5,4,60,41,101,448321,490242,11981,6429,2550539
2019-07-22,21,15,1,6,56,43,99,535719,501171,0,2614,3022612
2019-07-23,9,16,3,0,53,28,81,316756,927250,0,0,3018624
2019-07-24,13,11,3,2,50,29,79,374979,642477,30617,0,2638127
2019-07-25,8,14,5,2,44,29,73,179906,714479,27377,3185,1609281
2019-07-26,15,13,4,2,50,34,84,621341,353771,11319,7997,2919789
2019-07-27,10,9,3,1,48,23,71,359782,267248,14981,2302,2024114
2019-07-28,17,13,3,1,49,34,83,630544,439550,8730,0,2217033
2019-07-29,14,25,4,1,50,44,94,436916,971943,45321,0,2320599
2019-07-30,5,17,3,0,33,25,58,159879,625397,7473,0,1314959
2019-07-31,16,17,0,4,50,37,87,535214,450674,0,10398,3277422
2019-08-01,16,16,4,5,60,41,101,543727,445301,19768,5132,2216142
2019-08-02,16,15,4,3,53,38,91,680883,551080,8222,6513,2380929
2019-08-03,14,10,3,3,37,30,67,726558,496558,8415,3362,1940633
2019-08-04,8,9,5,1,45,23,68,304992,182458,50774,0,2202869
2019-08-05,10,13,1,1,55,25,80,322855,320351,15967,1679,2409133
2019-08-06,16,21,2,3,62,42,104,415578,538302,17882,1969,2573836
2019-08-07,16,25,5,4,64,50,114,370780,883883,28987,5664,2802108
2019-08-08,15,15,8,5,62,43,105,339303,418639,62956,12184,2721768
2019-08-09,13,13,6,1,42,33,75,563963,302679,28954,0,1992237
2019-08-10,9,23,3,1,65,36,101,395437,563775,16514,0,3580551
2019-08-11,18,22,6,2,52,48,100,742303,665598,16554,0,3004326
2019-08-12,17,16,3,2,52,38,90,548387,742092,6808,0,3140789
2019-08-13,15,16,1,1,56,33,89,470638,378593,741,0,2929389
2019-08-14,12,16,0,1,38,29,67,395149,466473,0,0,1521133
2019-08-15,16,23,3,2,45,44,89,554034,695506,36862,3743,2955125
2019-08-16,14,11,2,2,50,29,79,700994,376771,42774,5270,2968267
2019-08-17,14,13,5,1,65,33,98,517151,341281,46430,0,3586447
2019-08-18,10,8,7,1,52,26,78,333686,368612,43342,3788,2697737
2019-08-19,13,15,2,5,41,35,76,594413,526231,14006,12039,1773017
2019-08-20,13,14,2,4,46,33,79,543930,542001,7459,14102,2833878
2019-08-21,8,19,2,2,63,31,94,305885,545037,17199,6618,2464571
2019-08-22,11,15,3,0,52,29,81,420749,420017,6039,0,2069888
2019-08-23,14,18,5,3,48,40,88,498542,849421,42459,2013,2201081
2019-08-24,20,17,3,1,52,41,93,810867,473904,7368,3467,3069349
2019-08-25,17,17,2,5,55,41,96,477018,593552,7086,11165,3403172
2019-08-26,14,16,4,2,62,36,98,560896,525270,5434,2081,2768212
2019-08-27,15,19,3,1,50,38,88,406497,655839,2324,0,2985158
2019-08-28,9,15,1,1,49,26,75,368243,597758,0,0,2844002
2019-08-29,16,16,10,0,63,42,105,598693,400052,58212,0,3119058
2019-08-30,11,17,8,1,60,37,97,542887,477166,45571,287,2415249
2019-08-31,15,9,1,2,46,27,73,631984,320092,4018,7540,2125247
2019-09-01,19,18,3,2,49,42,91,508838,411118,10088,3453,2615233
2019-09-02,10,15,2,2,43,29,72,365599,508042,4018,2983,2935168
2019-09-03,18,19,1,2,43,40,83,491559,569363,6807,0,3489396
2019-09-04,16,24,1,1,53,42,95,466148,529106,3841,0,3801869
2019-09-05,12,21,3,3,57,39,96,325952,837303,14002,6223,3709062
2019-09-06,10,20,6,1,59,37,96,438685,714808,25336,0,3177586
2019-09-07,13,15,9,2,61,39,100,641338,364935,70120,10442,3044888
2019-09-08,16,17,3,5,47,41,88,468717,504282,26298,2880,2050263
2019-09-09,13,14,2,1,56,30,86,479999,434574,25195,0,2602061
2019-09-10,13,24,6,4,44,47,91,448776,822620,28422,7573,3264174
2019-09-11,15,16,6,1,50,38,88,640314,675472,72327,4706,1610452
2019-09-12,11,10,1,1,39,23,62,395249,235715,6224,6048,1860093
2019-09-13,14,9,3,1,39,27,66,463879,384649,5524,2677,1735284
2019-09-14,18,20,7,5,62,50,112,760409,432152,33340,4207,3533944
2019-09-15,13,18,1,1,45,33,78,522280,474938,4311,4207,2267454
2019-09-16,21,16,3,6,58,46,104,689621,654248,17504,11089,2824246
2019-09-17,12,14,5,1,52,32,84,413868,586445,19968,2212,1442961
2019-09-18,6,7,1,1,37,15,52,265256,161147,3283,2177,1680329
2019-09-19,11,10,4,3,43,28,71,232999,206690,53928,8778,2358729
2019-09-20,12,20,4,1,53,37,90,458217,634275,24462,5981,2190367
2019-09-21,11,12,3,2,47,28,75,381279,234791,16149,2174,2691289
2019-09-22,12,15,1,3,48,31,79,245412,235626,14686,4476,2093388
2019-09-23,11,14,3,3,37,31,68,312538,260668,13620,10218,1382350
2019-09-24,11,11,3,3,42,28,70,530113,421457,10249,8462,1476182
2019-09-25,15,13,2,1,40,31,71,475503,446396,2076,2013,2042493
2019-09-26,9,11,3,2,32,25,57,257868,215281,9915,0,1548738
2019-09-27,6,16,4,0,37,26,63,290149,560867,34754,0,1918598
2019-09-28,14,27,3,1,54,45,99,512785,727140,45761,7905,2308148
2019-09-29,21,18,4,0,68,43,111,531443,1051315,52894,0,2781144
2019-09-30,12,15,1,2,55,30,85,320653,586056,8514,287,2672174
2019-10-01,13,14,1,2,49,30,79,415706,310737,2040,0,2072001
2019-10-02,12,17,3,2,49,34,83,462988,542140,5656,0,3459291
2019-10-03,7,7,1,3,33,18,51,318134,240411,4018,5700,1649205
2019-10-04,3,4,4,0,32,11,43,103920,146764,29901,0,2170111
2019-10-05,14,14,6,3,48,37,85,504157,434391,17972,5700,2945189
2019-10-06,13,13,2,0,37,28,65,414781,574551,3045,0,1571612
2019-10-07,7,6,3,1,40,17,57,172949,282523,36361,0,1164369
2019-10-08,8,11,2,4,39,25,64,202073,249769,9111,9237,2296391
2019-10-09,9,11,3,5,45,28,73,363656,125743,12586,16047,2881363
2019-10-10,10,12,1,2,48,25,73,330217,258462,1151,3944,2429577
2019-10-11,8,10,1,1,50,20,70,254654,331174,1737,0,2977664
2019-10-12,20,16,4,1,35,41,76,475012,404321,21071,0,2357231
2019-10-13,13,7,3,3,47,26,73,481349,211071,32862,2448,2550539
2019-10-14,17,11,4,3,48,35,83,471370,694929,44744,2829,2138040
2019-10-15,11,15,3,3,54,32,86,378779,420316,16822,6704,2578924
2019-10-16,14,20,3,2,67,39,106,541710,496605,28074,390,4191295
2019-10-17,15,18,7,2,67,42,109,497309,478039,65215,9098,3432984
2019-10-18,10,13,4,5,41,32,73,410837,471777,36916,20176,2910369
2019-10-19,5,11,2,0,29,18,47,125250,287647,2025,0,1579054
2019-10-20,20,20,0,1,56,41,97,569263,816178,0,3608,2263192
2019-10-21,10,9,3,2,41,24,65,508793,248551,14488,0,2323624
2019-10-22,12,17,1,1,48,31,79,434569,441444,3588,0,1473586
2019-10-23,14,13,8,3,49,38,87,547797,250506,43118,8453,2978173
2019-10-24,3,13,3,2,41,21,62,62553,133477,16777,10557,2634937
2019-10-25,16,12,2,3,46,33,79,583640,239242,20913,2013,1936428
2019-10-26,12,14,3,1,48,30,78,373276,429480,28048,0,2680099
2019-10-27,13,17,3,4,40,37,77,519517,676792,22964,2013,2207109
2019-10-28,6,10,4,2,27,22,49,147838,98424,23765,2364,2422020
2019-10-29,10,13,4,1,46,28,74,425433,379017,21515,0,2628234
2019-10-30,11,18,1,2,66,32,98,492650,488620,0,2921,2131991
2019-10-31,13,10,2,1,41,26,67,473198,305047,23422,0,1569290
2019-11-01,11,10,5,3,46,29,75,464100,332696,19021,2354,2442122
2019-11-02,10,8,2,3,35,23,58,479284,208381,11377,2354,313656
2019-11-03,10,9,0,1,31,20,51,230076,199459,0,2191,1776154
2019-11-04,12,12,3,1,45,28,73,420618,575663,32141,0,3015400
2019-11-05,12,14,4,0,29,30,59,555336,779414,12397,0,2206618
2019-11-06,10,11,1,0,44,22,66,390437,626578,7447,0,2619204
2019-11-07,9,6,4,4,36,23,59,451934,40994,21947,7885,1398280
2019-11-08,9,11,3,1,46,24,70,447394,302671,6602,0,2552167
2019-11-09,12,8,7,2,42,29,71,391506,157609,26159,4452,2643032
2019-11-10,9,8,1,1,37,19,56,477735,472870,3841,0,2045175
2019-11-11,4,7,2,1,37,14,51,208774,653398,15498,5617,994902
2019-11-12,6,10,1,0,40,17,57,118507,700295,2864,0,830711
2019-11-13,10,8,5,2,32,25,57,397921,281078,12728,5038,875366
2019-11-14,8,6,3,2,26,19,45,468134,234055,7154,0,611607
2019-11-15,7,8,3,1,28,19,47,336498,360648,10296,0,1244057
2019-11-16,6,12,4,2,34,24,58,226131,456938,28563,4186,1379031
2019-11-17,5,7,0,2,20,14,34,88272,326467,0,2916,409928
2019-11-18,6,12,2,2,24,22,46,201986,603514,4451,5598,723492
2019-11-19,10,9,1,1,33,21,54,356536,136092,2681,5395,1218911
2019-11-20,4,10,2,1,36,17,53,221857,303284,37498,5395,758931
2019-11-21,6,8,1,1,32,16,48,119523,323800,10553,7003,480010
2019-11-22,12,7,1,2,32,22,54,505444,342014,12626,0,1451154
2019-11-23,8,3,3,2,30,16,46,340781,0,12849,5188,1436428
2019-11-24,6,4,0,0,30,10,40,264462,283833,0,0,518745
2019-11-25,3,7,2,4,35,16,51,57801,232854,14734,40013,1083955
2019-11-26,3,14,1,2,38,20,58,252157,304728,17438,3944,759712
2019-11-27,10,15,2,1,40,28,68,462595,539381,4618,2013,983367
2019-11-28,5,9,4,1,43,19,62,134352,382438,17066,3954,1665368
2019-11-29,3,10,6,0,42,19,61,187443,231401,55978,0,922922
2019-11-30,6,7,3,0,34,16,50,204347,142197,29734,0,1345867
2019-12-01,10,7,3,0,25,20,45,395107,187726,12337,0,755202
2019-12-02,7,15,1,3,40,26,66,260652,296458,0,7421,1709871
2019-12-03,12,9,1,4,42,26,68,385722,95752,11000,1524,1882783
2019-12-04,8,10,1,0,32,19,51,260488,224867,664,0,1551950
2019-12-05,8,7,2,1,34,18,52,243669,181815,5872,0,314950
2019-12-06,5,9,3,1,22,18,40,326478,367466,10556,0,511282
2019-12-07,5,8,0,1,30,14,44,212688,270506,0,2183,804813
2019-12-08,7,9,2,2,40,20,60,314611,414404,14692,4912,1422352
2019-12-09,8,8,2,0,27,18,45,301996,392781,14692,0,305885
2019-12-10,7,12,3,0,33,22,55,343733,535588,11813,0,2138172
2019-12-11,5,8,3,1,22,17,39,88036,194128,8290,0,1093763
2019-12-12,7,6,4,1,44,18,62,237138,135840,21376,0,2201296
2019-12-13,8,10,2,1,45,21,66,438271,381934,5431,3944,2062688
2019-12-14,6,16,2,1,48,25,73,176857,492214,1566,0,2126717
2019-12-15,12,13,6,3,47,34,81,472445,447277,9132,13060,2602936
2019-12-16,6,12,2,1,29,21,50,153062,285555,3841,5812,1708464
2019-12-17,7,13,2,2,41,24,65,226445,503385,3588,6223,1519931
2019-12-18,8,15,5,2,41,30,71,332058,484264,23877,0,1303568
2019-12-19,11,11,3,1,43,26,69,312410,511226,19087,0,1088205
2019-12-20,7,8,4,1,49,20,69,261245,319124,4232,0,772055
2019-12-21,10,16,3,3,37,32,69,219617,682525,3841,4452,1141007
2019-12-22,6,6,0,0,24,12,36,169825,240786,0,0,840006
2019-12-23,11,13,3,3,42,30,72,326199,528181,21072,5064,714849
2019-12-24,5,16,4,2,31,27,58,122056,474748,31213,0,775159
2019-12-25,6,15,8,2,41,31,72,143296,518868,51136,0,718604
2019-12-26,8,11,2,0,45,21,66,327387,264383,12681,0,1477605
2019-12-27,6,7,1,1,28,15,43,240913,312323,3414,2094,227516
2019-12-28,5,6,1,1,16,13,29,64451,120509,3227,2013,766770
2019-12-29,8,14,2,1,35,25,60,205659,452576,12924,0,2117769
2019-12-30,8,10,5,4,42,27,69,216938,340563,40103,11781,1759244
2019-12-31,8,10,3,2,49,23,72,374480,173932,5980,7454,2789837
2020-01-01,11,12,2,1,60,26,86,353100,76602,6753,8553,2030824
2020-01-02,16,12,3,0,43,31,74,536166,390886,25229,0,2535898
2020-01-03,10,18,0,3,44,31,75,327194,627705,0,4945,1435831
2020-01-04,9,14,3,2,48,28,76,246068,416203,29122,5352,2106762
2020-01-05,14,12,4,1,46,31,77,518715,370118,19790,0,2576698
2020-01-06,10,12,2,4,38,28,66,339675,392969,3556,2805,1380078
2020-01-07,8,8,6,3,52,25,77,435915,282964,37145,2805,920788
2020-01-08,11,8,6,1,23,26,49,371634,224216,67840,0,346381
2020-01-09,11,18,3,1,35,33,68,455688,639135,40822,0,700915
2020-01-10,8,11,8,2,43,29,72,417418,264643,43370,0,861994
2020-01-11,11,18,2,1,49,32,81,471471,471992,9388,3436,1426955
2020-01-12,8,12,4,4,37,28,65,331220,162847,18138,6590,796265
2020-01-13,10,20,3,3,28,36,64,256343,679225,21652,8586,554053
2020-01-14,13,15,8,1,32,37,69,671426,415811,43063,2784,541344
2020-01-15,7,16,2,1,38,26,64,320009,294852,3464,0,581605
2020-01-16,7,5,0,0,21,12,33,243589,184779,0,0,330246
2020-01-17,14,13,4,3,45,34,79,459030,317444,12987,3788,1463963
2020-01-18,9,13,6,2,42,30,72,470586,338163,34941,3788,1391464
2020-01-19,8,16,4,2,39,30,69,278596,316424,15107,3083,1429931
2020-01-20,13,12,2,1,40,28,68,553635,383337,6445,0,1582458
2020-01-21,11,19,3,2,31,35,66,373799,685244,25724,2766,1007090
2020-01-22,11,13,2,2,38,28,66,505749,324282,0,0,955853
2020-01-23,16,12,1,0,35,29,64,325130,344966,1566,0,1053248
2020-01-24,12,13,5,1,54,31,85,396120,555745,28190,0,1353089
2020-01-25,17,18,4,3,43,42,85,646947,663740,24051,5981,1781017
2020-01-26,12,12,5,2,51,31,82,481379,438721,27913,12651,2438138
2020-01-27,11,11,2,1,36,25,61,338824,433211,9100,0,687453
2020-01-28,8,14,2,0,35,24,59,422350,709201,17092,0,855530
2020-01-29,7,16,5,1,38,29,67,301267,353726,37863,2013,1222434
2020-01-30,11,12,5,1,46,29,75,300637,445250,19616,0,2253797
2020-01-31,13,10,3,3,51,29,80,505175,299005,17252,0,1908736
2020-02-01,12,11,3,1,45,27,72,620111,481445,6596,2013,1529347
2020-02-02,8,11,0,0,40,19,59,286010,242618,0,0,1344944
2020-02-03,9,10,1,3,51,23,74,177383,311359,9782,3627,2499833
2020-02-04,14,8,2,2,37,26,63,485725,167050,13617,0,640350
2020-02-05,9,19,2,0,41,30,71,252750,737710,7839,0,837434
2020-02-06,11,17,4,0,43,32,75,346983,309661,11887,0,2882009
2020-02-07,9,23,1,1,46,34,80,428332,467093,20537,2062,2421960
2020-02-08,10,9,1,0,49,20,69,372199,299203,20537,0,2693088
2020-02-09,5,8,4,1,24,18,42,265582,156967,15869,0,1076983
2020-02-10,6,12,2,2,32,22,54,271638,325318,4579,3523,925277
2020-02-11,7,12,6,1,43,26,69,190258,335349,25238,0,1343613
2020-02-12,13,9,3,1,38,26,64,594174,233077,12095,0,534198
2020-02-13,7,15,0,0,19,22,41,177410,322176,0,0,247856
2020-02-14,5,16,4,2,26,27,53,186003,520675,37796,7320,471846
2020-02-15,13,5,5,0,36,23,59,538287,349458,39343,0,1607406
2020-02-16,10,11,10,1,38,32,70,377218,203707,13595,0,2072046
2020-02-17,12,21,4,4,59,41,100,560350,679755,3677,4636,2810112
2020-02-18,10,17,7,3,36,37,73,428194,588732,41186,3706,1481490
2020-02-19,10,10,2,2,30,24,54,246203,403880,2207,0,1531896
2020-02-20,9,21,5,0,62,35,97,293272,440982,6298,0,2828488
2020-02-21,17,16,4,3,38,40,78,756046,304375,43848,0,1466906
2020-02-22,9,13,7,2,33,31,64,241178,315269,34936,0,2763296
2020-02-23,7,11,3,1,48,22,70,371733,603612,8557,0,1466615
2020-02-24,8,12,6,5,39,31,70,338716,447794,117842,13424,2125770
2020-02-25,19,16,8,1,42,44,86,696584,174965,89991,0,1750906
2020-02-26,7,11,4,1,47,23,70,397311,109926,30172,0,1613784
2020-02-27,8,5,3,1,25,17,42,268840,0,8707,0,514230
2020-02-28,10,14,1,1,49,26,75,267440,543587,6807,0,1183694
2020-02-29,11,15,6,1,50,33,83,353310,388139,24597,0,2626053
2020-03-01,9,6,3,3,39,21,60,343222,158912,0,0,2404607
2020-03-02,8,20,4,2,53,34,87,329080,458323,8666,0,3655030
2020-03-03,4,10,3,1,36,18,54,77264,116261,26634,0,1415545
2020-03-04,4,7,3,3,22,17,39,177549,290436,39783,6852,1054685
2020-03-05,8,16,0,2,33,26,59,242840,630020,0,4009,1169768
2020-03-06,10,15,2,2,41,29,70,508478,445890,9239,2013,1634400
2020-03-07,9,11,5,1,48,26,74,330119,131655,23133,3152,2674004
2020-03-08,9,13,3,2,60,27,87,393984,418973,8747,3152,1984260
2020-03-09,8,7,0,0,28,15,43,426953,321115,0,0,865038
2020-03-10,5,9,2,0,41,16,57,158225,291992,8557,0,2167535
2020-03-11,9,11,4,2,34,26,60,259683,270070,22230,5498,1531454
2020-03-12,11,8,3,1,46,23,69,399480,248844,21756,0,3343575
2020-03-13,6,11,3,2,26,22,48,317124,395102,4284,6154,654018
2020-03-14,9,7,1,2,34,19,53,420176,202573,0,7065,1450434
2020-03-15,10,9,0,4,32,23,55,359916,348748,0,2801,1447342
2020-03-16,5,6,1,2,23,14,37,303033,334306,0,3826,962263
2020-03-17,10,7,5,1,41,23,64,397997,270509,0,0,2296208
2020-03-18,13,7,4,1,40,25,65,406399,177326,1682,2859,1230922
2020-03-19,11,9,2,1,37,23,60,411076,258470,3841,0,2215884
2020-03-20,9,10,4,2,46,25,71,336471,356599,33054,6924,2454046
2020-03-21,7,7,3,1,45,18,63,453972,214110,22076,0,2088348
2020-03-22,13,7,4,1,38,25,63,369444,297643,27964,5981,1124375
2020-03-23,9,8,2,3,37,22,59,368442,187336,23022,0,1364974
2020-03-24,10,13,3,2,38,28,66,466318,641213,14821,5226,1080223
2020-03-25,7,10,2,0,26,19,45,284187,326280,4237,0,395355
2020-03-26,10,15,4,1,47,30,77,280764,566750,12179,0,2851721
2020-03-27,7,10,2,0,30,19,49,225958,275658,4183,0,1431649
2020-03-28,13,13,3,2,46,31,77,442021,418627,12300,3150,1921984
2020-03-29,4,4,1,1,20,10,30,159792,58242,14813,2415,1214031
2020-03-30,6,4,2,2,37,14,51,199092,0,7046,6085,1411251
2020-03-31,8,14,3,3,43,28,71,303455,674643,13969,0,1977512
2020-04-01,11,13,3,1,35,28,63,336362,490686,0,0,2754694
2020-04-02,14,13,7,0,57,34,91,369432,513874,42103,0,3408668
2020-04-03,15,13,3,2,61,33,94,460917,461766,22909,0,3713785
2020-04-04,11,11,1,4,48,27,75,315238,344699,31668,8468,2581365
2020-04-05,14,16,6,0,64,36,100,368907,276399,37442,0,4155621
2020-04-06,14,15,3,3,59,35,94,645219,703337,9421,2013,2617130
2020-04-07,14,20,4,2,47,40,87,467723,628526,14104,4419,1088076
2020-04-08,21,12,7,1,52,41,93,496224,420960,31978,0,2849033
2020-04-09,12,12,2,2,40,28,68,316159,419897,10150,2013,3708351
2020-04-10,10,10,6,1,45,27,72,338194,541022,13238,0,1586970
2020-04-11,9,14,2,2,37,27,64,453338,632803,11587,0,2137392
2020-04-12,6,12,0,0,41,18,59,288720,538940,0,0,2272902
2020-04-13,11,8,0,1,51,20,71,301952,173303,0,0,3018191
2020-04-14,2,10,2,1,23,15,38,33280,295786,5340,0,2222670
2020-04-15,10,11,4,2,39,27,66,474669,394736,22827,4346,1864922
2020-04-16,7,10,2,0,60,19,79,290594,376903,4714,0,2272384
2020-04-17,10,10,3,3,49,26,75,231052,636663,13351,0,2962442
2020-04-18,17,12,0,2,44,31,75,662690,569326,0,0,1991310
2020-04-19,14,16,1,2,48,33,81,537454,543250,35314,0,2743536
2020-04-20,8,9,2,1,42,20,62,298712,302352,0,0,2576666
2020-04-21,5,13,4,2,55,24,79,213046,543215,16157,1672,3590848
2020-04-22,12,12,7,2,41,33,74,496394,557590,24072,0,442102
2020-04-23,10,11,4,4,55,29,84,277860,495504,16299,10317,2152336
2020-04-24,14,12,4,3,56,33,89,562900,449397,17210,18086,3057227
2020-04-25,9,13,8,1,58,31,89,617701,271714,41607,3629,2929686
2020-04-26,9,15,9,0,53,33,86,415236,428722,35191,0,2489744
2020-04-27,8,8,5,1,48,22,70,299274,98849,9499,4538,1902741
2020-04-28,10,13,7,2,44,32,76,461545,459870,48335,8049,2355980
2020-04-29,15,10,4,0,37,29,66,486395,251475,25474,0,2203418
2020-04-30,10,13,6,1,30,30,60,380781,297074,35736,0,2014176
2020-05-01,4,10,2,6,33,22,55,93447,279348,7186,2734,3290667
2020-05-02,10,13,2,0,49,25,74,409369,359688,2851,0,3370444
2020-05-03,14,13,2,0,46,29,75,541220,683527,17383,0,3292385
2020-05-04,20,13,7,1,62,41,103,496603,263741,34814,2577,3206398
2020-05-05,15,15,1,1,51,32,83,681356,494275,324,0,2526964
2020-05-06,12,13,3,1,51,29,80,477730,635722,0,1167,3223439
2020-05-07,14,20,5,1,53,40,93,479664,595053,3750,1167,1411800
2020-05-08,13,14,6,4,63,37,100,628782,484182,37284,2013,3303929
2020-05-09,15,25,4,1,61,45,106,631248,742165,24869,0,2936843
2020-05-10,15,21,8,5,45,49,94,461949,649039,12597,2013,2313145
2020-05-11,14,19,4,3,67,40,107,548606,517426,21678,11224,3843383
2020-05-12,15,10,4,2,67,31,98,384813,344781,13116,0,2821089
2020-05-13,11,15,3,4,62,33,95,417408,458478,10908,0,3270312
2020-05-14,21,14,5,4,65,44,109,644316,653935,41087,7851,2757364
2020-05-15,11,18,6,1,57,36,93,416584,735475,57027,4986,2861743
2020-05-16,14,18,5,1,62,38,100,646239,552318,31576,0,2861915
2020-05-17,11,18,8,1,56,38,94,395919,745361,38161,0,3049605
2020-05-18,13,5,2,1,47,21,68,452209,123479,4302,3586,2310357
2020-05-19,17,17,4,4,60,42,102,699129,473059,33052,8711,2930228
2020-05-20,21,23,6,4,53,54,107,663521,989984,30524,16870,2831862
2020-05-21,13,18,3,3,59,37,96,202758,408953,6401,3367,4356089
2020-05-22,12,6,2,2,36,22,58,566212,206932,4820,4867,2714092
2020-05-23,11,15,4,3,36,33,69,495584,538604,11552,9778,1827965
2020-05-24,15,14,9,2,52,40,92,298891,552944,30197,5436,2327298
2020-05-25,14,18,7,2,46,41,87,376395,691681,25241,3694,1577596
2020-05-26,10,12,3,2,39,27,66,449098,304979,9295,341,1627684
2020-05-27,10,10,3,4,38,27,65,412605,153885,40389,5038,2150035
2020-05-28,16,13,4,1,60,34,94,392087,164781,75576,0,2844042
2020-05-29,13,17,2,2,62,34,96,512472,392469,4326,760,3444934
2020-05-30,13,17,4,2,42,36,78,381060,764759,16061,6223,1647262
2020-05-31,13,12,9,1,44,35,79,509419,300643,67600,2889,1823120
2020-06-01,13,18,3,3,51,37,88,407278,833503,26914,3230,2584164
2020-06-02,14,21,4,3,62,42,104,468367,834984,20247,341,2931877
2020-06-03,18,14,5,1,56,38,94,654637,304881,12597,0,2926489
2020-06-04,11,15,5,2,53,33,86,429230,282662,8332,341,3430957
2020-06-05,15,19,6,4,52,44,96,511055,450193,32940,6179,2783090
2020-06-06,13,15,2,1,53,31,84,280310,354299,8316,2592,2906226
2020-06-07,16,16,1,3,53,36,89,586789,523354,1376,4723,2059278
2020-06-08,13,15,3,3,57,34,91,377817,555421,10907,5234,2779854
2020-06-09,16,15,8,1,59,40,99,518988,399498,58987,2013,2905188
2020-06-10,20,15,9,1,62,45,107,727450,580922,48549,0,3641471
2020-06-11,15,19,6,5,58,45,103,357382,537228,36279,5329,1981037
2020-06-12,22,11,4,2,59,39,98,893173,170928,3676,0,3203063
2020-06-13,14,19,2,1,61,36,97,396680,578106,7506,0,3088750
2020-06-14,19,24,6,1,62,50,112,344031,840275,20611,341,2974727
2020-06-15,21,21,3,2,54,47,101,510831,874676,16087,760,2293924
2020-06-16,19,16,8,0,60,43,103,698764,422455,38660,0,2593453
2020-06-17,25,16,6,0,64,47,111,847941,531799,45006,0,2615259
2020-06-18,14,15,4,2,58,35,93,475466,726408,38464,0,3079426
2020-06-19,27,17,6,3,62,53,115,963796,601249,45544,0,3213562
2020-06-20,15,14,5,3,68,37,105,530074,580450,28282,7999,2679328
2020-06-21,18,13,3,2,68,36,104,664922,562091,3108,2562,3410573
2020-06-22,15,14,5,1,68,35,103,707977,719798,6738,3750,2874823
2020-06-23,13,16,3,3,72,35,107,571445,375637,7986,1537,2887796
2020-06-24,18,16,5,2,56,41,97,675910,449528,39749,3788,2870837
2020-06-25,11,12,5,3,58,31,89,167819,456400,24419,341,3808694
2020-06-26,10,13,1,3,61,27,88,345698,481781,7338,0,2464042
2020-06-27,17,10,4,0,54,31,85,659858,242327,46226,0,1500397
2020-06-28,15,13,5,2,53,35,88,610440,422001,21839,0,2048560
2020-06-29,21,19,6,1,71,47,118,808808,630734,14655,0,1850076
2020-06-30,16,18,11,0,58,45,103,391037,671908,85681,0,1705246
2020-07-01,12,11,4,3,29,30,59,367133,365953,40528,7743,1023483
2020-07-02,13,15,7,3,50,38,88,510620,556754,17102,0,2415300
2020-07-03,17,20,5,0,58,42,100,491839,808353,30742,0,3047325
2020-07-04,16,22,5,2,52,45,97,365694,682089,14459,11531,3638090
2020-07-05,14,14,9,1,65,38,103,394518,287889,60084,0,2659682
2020-07-06,14,15,3,1,56,33,89,561120,597368,16349,0,2899043
2020-07-07,14,14,8,2,76,38,114,456272,396552,82551,5310,3809701
2020-07-08,16,9,5,1,58,31,89,556264,323086,32865,0,2494574
2020-07-09,22,17,2,1,58,42,100,761548,491507,17217,0,2406837
2020-07-10,11,14,4,3,55,32,87,577582,654245,1656,0,3209503
2020-07-11,15,16,5,3,68,39,107,314262,633579,27768,8347,4553442
2020-07-12,16,13,6,0,61,35,96,467803,246854,28633,0,2711370
2020-07-13,15,18,4,3,54,40,94,463177,388809,10927,8769,2483945
2020-07-14,12,19,4,2,65,37,102,435804,657897,14389,0,3255715
2020-07-15,13,16,1,0,57,30,87,356667,791182,0,0,3162495
2020-07-16,15,12,4,1,58,32,90,411949,564285,36021,0,2411015
2020-07-17,7,17,3,1,53,28,81,253730,678383,39411,2996,2716301
2020-07-18,15,24,3,1,65,43,108,521601,623919,6682,0,2614198
2020-07-19,10,18,3,1,50,32,82,182336,456279,20727,0,2187686
2020-07-20,17,16,3,2,65,38,103,905673,406989,4478,0,2477489
2020-07-21,12,9,6,1,58,28,86,363428,295780,11363,4912,2725129
2020-07-22,12,13,6,3,47,34,81,456564,242809,23085,12486,1390947
2020-07-23,14,9,1,2,51,26,77,443234,159303,2504,7573,2714641
2020-07-24,10,20,5,3,71,38,109,401530,393812,26629,1260,3440220
2020-07-25,15,16,6,1,64,38,102,420982,517281,28367,0,3175758
2020-07-26,23,14,7,2,68,46,114,796446,429104,53283,6328,2188540
2020-07-27,11,16,4,4,55,35,90,285132,583017,50263,3477,2201687
2020-07-28,10,14,4,4,67,32,99,315939,494300,14821,557,2876609
2020-07-29,24,16,4,1,54,45,99,742398,659836,15036,0,2830919
2020-07-30,13,15,5,2,69,35,104,277341,731104,17462,4009,3230564
2020-07-31,10,14,4,1,51,29,80,405732,449761,7825,844,1634227
2020-08-01,11,17,6,2,59,36,95,273585,483009,19407,0,2436115
2020-08-02,17,16,4,2,59,39,98,606454,583437,9026,2236,3020311
2020-08-03,12,17,4,0,71,33,104,544389,457468,1950,0,3646630
2020-08-04,16,11,3,2,59,32,91,510318,422354,37320,1833,2776502
2020-08-05,14,20,4,2,57,40,97,657871,676723,40551,3256,3544949
2020-08-06,15,16,4,3,44,38,82,370055,309364,6724,0,1568151
2020-08-07,13,14,8,2,63,37,100,591306,498309,58550,3496,4065080
2020-08-08,10,15,5,0,67,30,97,481343,426612,34868,0,2855961
2020-08-09,15,9,4,2,41,30,71,325417,128359,4076,0,1196321
2020-08-10,13,17,5,2,57,37,94,484991,578636,8465,6223,1855370
2020-08-11,12,14,2,1,59,29,88,398950,492020,4839,3944,2918024
2020-08-12,10,16,3,0,67,29,96,267185,733634,8347,0,3160769
2020-08-13,18,15,7,3,56,43,99,677366,358732,41925,7962,2679486
2020-08-14,12,27,9,0,64,48,112,382920,819323,50943,0,2902456
2020-08-15,11,21,5,0,66,37,103,283274,566272,56076,0,2288695
2020-08-16,18,12,3,2,69,35,104,569655,206613,0,0,4361759
2020-08-17,14,19,5,2,57,40,97,517791,622551,29405,2013,1749611
2020-08-18,18,18,6,2,66,44,110,807927,441864,11902,5436,3507337
2020-08-19,13,20,4,2,55,39,94,542047,648797,27552,6481,2564525
2020-08-20,14,21,6,3,51,44,95,400874,629860,29761,10034,2623187
2020-08-21,15,14,4,0,57,33,90,550186,587115,48568,0,2472426
2020-08-22,12,17,6,0,49,35,84,236496,769769,47280,0,2828251
2020-08-23,16,18,5,0,62,39,101,575554,333080,74163,0,2763762
2020-08-24,10,18,1,0,52,29,81,452857,413613,3138,0,1410046
2020-08-25,8,10,3,0,61,21,82,255291,358772,6090,0,2380316
2020-08-26,9,15,5,1,55,30,85,561962,598517,14880,5479,2259403
2020-08-27,14,18,6,4,52,42,94,614630,713532,31025,11427,2018122
2020-08-28,19,18,3,0,45,40,85,891121,453053,0,0,2379759
2020-08-29,21,18,3,3,50,45,95,834866,734616,1128,7379,2210951
2020-08-30,19,21,7,4,53,51,104,667405,607029,38630,14146,2242871
2020-08-31,17,17,6,1,53,41,94,517730,456648,64847,0,2997298
2020-09-01,19,15,2,3,62,39,101,616715,723957,5849,4188,2924702
2020-09-02,15,26,6,1,54,48,102,505226,1037894,28516,0,2710475
2020-09-03,13,20,9,3,53,45,98,542743,665388,60450,0,2449725
2020-09-04,14,11,3,1,66,29,95,420031,461316,13755,3203,3751722
2020-09-05,16,14,2,3,59,35,94,679710,294748,2175,4912,1805844
2020-09-06,20,15,3,1,47,39,86,516224,352773,46471,3277,1654258
2020-09-07,19,26,3,0,72,48,120,788963,665825,19082,0,2736829
2020-09-08,15,19,3,3,62,40,102,481223,559586,3324,2215,2153078
2020-09-09,14,26,7,3,54,50,104,544107,899540,13373,151,2960213
2020-09-10,18,23,6,4,47,51,98,582594,806213,10372,8254,3015357
2020-09-11,9,19,5,5,69,38,107,301410,924316,46922,8970,2510780
2020-09-12,18,18,9,2,66,47,113,522474,421253,36386,8709,4062079
2020-09-13,12,17,2,3,68,34,102,374683,560168,15549,7053,2923009
2020-09-14,15,14,1,0,47,30,77,427230,392374,7381,0,1371454
2020-09-15,12,11,1,0,48,24,72,396913,407412,9133,0,2652574
2020-09-16,17,19,7,1,53,44,97,500684,797958,6380,0,2043860
2020-09-17,22,18,6,1,65,47,112,474986,528222,28309,3106,4343020
2020-09-18,20,16,6,1,55,43,98,415265,537464,16228,0,2361002
2020-09-19,22,27,7,2,50,58,108,678451,476846,43879,1729,1402848
2020-09-20,16,16,6,3,68,41,109,533008,198626,47511,1729,3148703
2020-09-21,25,26,8,1,65,60,125,916963,917890,23185,0,2918355
2020-09-22,15,17,5,2,53,39,92,349807,471817,31662,0,2547620
2020-09-23,13,16,5,2,57,36,93,334038,453377,31962,0,3037683
2020-09-24,19,18,4,3,67,44,111,792087,723101,49249,3326,2834085
2020-09-25,14,22,4,2,48,42,90,353595,842211,14739,2215,2445599
2020-09-26,22,23,3,1,51,49,100,773664,1099352,7962,0,2065593
2020-09-27,20,26,5,1,74,52,126,826297,857443,28187,4620,2805574
2020-09-28,21,23,10,1,49,55,104,517632,703192,25686,9416,3102769
2020-09-29,14,17,9,1,51,41,92,516961,471081,44339,0,2312498
2020-09-30,21,17,6,0,57,44,101,676548,781877,35949,0,2210957
2020-10-01,17,13,2,2,49,34,83,569638,454070,6433,1524,2035791
2020-10-02,16,21,2,4,66,43,109,452878,552336,5638,0,3490867
2020-10-03,19,22,3,3,77,47,124,419521,827238,7881,0,4204042
2020-10-04,16,19,3,3,57,41,98,621322,266015,41019,9912,1732171
2020-10-05,16,17,2,0,43,35,78,632132,724112,3697,0,2243183
2020-10-06,14,17,6,0,82,37,119,525371,519001,9825,0,3178185
2020-10-07,17,19,6,2,69,44,113,625752,586795,8235,0,3001782
2020-10-08,24,16,6,4,70,50,120,778429,480081,29582,2763,3090717
2020-10-09,13,12,3,1,48,29,77,511342,203505,7611,2763,2883076
2020-10-10,13,28,7,0,59,48,107,474094,700936,17502,0,2962167
2020-10-11,8,19,2,1,36,30,66,354400,480241,8380,2522,1584226
2020-10-12,18,18,1,2,48,39,87,631484,630549,0,7993,1643434
2020-10-13,15,13,0,0,46,28,74,605029,445643,0,0,1689976
2020-10-14,9,15,1,0,48,25,73,565367,308935,14595,0,1652064
2020-10-15,13,17,2,2,71,34,105,481844,281101,14595,3496,3770520
2020-10-16,14,20,2,1,53,37,90,504093,428745,5251,5064,3238019
2020-10-17,11,21,3,2,54,37,91,468059,562596,2117,0,2984680
2020-10-18,9,12,3,6,66,30,96,325376,565298,9391,15999,2948099
2020-10-19,13,10,5,2,42,30,72,592330,240042,30456,6088,2360578
2020-10-20,11,13,10,0,43,34,77,290080,714611,18360,0,1671072
2020-10-21,15,7,4,0,46,26,72,824350,490576,4774,0,2172817
2020-10-22,7,13,2,2,36,24,60,172310,467737,20689,4406,1144216
2020-10-23,17,28,4,5,56,54,110,697852,1053467,5919,4342,2454945
2020-10-24,10,16,4,1,49,31,80,225725,536581,27237,0,1262731
2020-10-25,9,18,3,3,54,33,87,193637,769531,12129,3126,2541688
2020-10-26,6,13,5,1,52,25,77,216326,389778,58229,6584,2245084
2020-10-27,13,18,6,2,61,39,100,371609,375013,20758,4660,2210743
2020-10-28,16,13,1,2,40,32,72,408840,165213,16653,12821,1365056
2020-10-29,15,18,2,1,51,36,87,541817,532133,35937,1260,2568337
2020-10-30,10,21,4,2,61,37,98,542742,677367,18062,6971,2409756
2020-10-31,17,20,5,1,53,43,96,697454,634777,31144,0,3450032
2020-11-01,18,14,5,2,45,39,84,462691,542928,29167,0,2859080
2020-11-02,15,16,5,2,60,38,98,641366,469327,30979,0,2625183
2020-11-03,15,14,3,3,60,35,95,619225,376832,5445,6905,3374194
2020-11-04,19,22,4,1,53,46,99,629649,566163,6025,0,2990178
2020-11-05,17,18,3,5,60,43,103,580781,645035,4363,3442,2865397
2020-11-06,9,13,0,2,29,24,53,187589,430227,0,10147,451639
2020-11-07,10,12,2,1,50,25,75,232243,185603,6539,6327,2367204
2020-11-08,7,8,2,0,32,17,49,298627,120835,3708,0,1767666
2020-11-09,11,11,5,0,47,27,74,421509,282049,9965,0,2169414
2020-11-10,11,16,3,2,62,32,94,296728,431426,1960,0,2034596
2020-11-11,18,22,3,1,65,44,109,732822,496089,24397,0,3010876
2020-11-12,10,15,2,2,53,29,82,534279,460042,6225,4452,1127643
2020-11-13,9,14,1,2,40,26,66,464010,683145,4874,2877,1421645
2020-11-14,11,14,2,0,37,27,64,396993,394665,23056,0,1488931
2020-11-15,10,14,3,0,33,27,60,515125,302077,28014,0,543053
2020-11-16,13,13,0,0,28,26,54,698167,148426,0,0,715837
2020-11-17,9,13,1,1,46,24,70,210938,282139,0,0,1783382
2020-11-18,4,7,2,3,36,16,52,398837,276530,31702,9389,1298917
2020-11-19,5,10,3,1,30,19,49,175410,379736,36952,0,633145
2020-11-20,7,13,2,1,37,23,60,482280,362597,0,6597,983347
2020-11-21,5,10,0,0,30,15,45,150697,277825,0,0,1382052
2020-11-22,7,14,2,0,17,23,40,270752,421261,7782,0,737020
2020-11-23,6,7,1,4,20,18,38,107328,213353,1227,4826,363001
2020-11-24,10,9,4,0,27,23,50,511537,280692,21174,0,252965
2020-11-25,11,11,2,2,46,26,72,515712,267072,5592,4110,1017620
2020-11-26,8,11,1,3,38,23,61,482137,393491,1206,0,763147
2020-11-27,8,13,4,1,47,26,73,622353,450565,48858,0,1557992
2020-11-28,6,10,3,1,53,20,73,340894,330946,2996,3819,991019
2020-11-29,8,10,3,1,41,22,63,460706,58406,11751,8171,937347
2020-11-30,8,12,2,1,43,23,66,608746,412947,25102,0,636679
2020-12-01,12,11,6,2,43,31,74,501795,421668,28809,5363,1386452
2020-12-02,11,13,9,1,61,34,95,386118,506979,70312,5363,2304590
2020-12-03,9,12,1,2,53,24,77,373265,321555,12599,0,3503724
2020-12-04,7,10,4,4,59,25,84,305189,243798,8286,0,2633703
2020-12-05,13,11,6,0,50,30,80,417647,461539,6032,0,3350343
2020-12-06,10,10,5,0,33,25,58,479080,341925,18557,0,1974059
2020-12-07,5,9,1,0,33,15,48,204496,153681,2485,0,1236141
2020-12-08,12,10,3,1,30,26,56,362426,124282,2485,0,550558
2020-12-09,9,12,0,0,35,21,56,457397,288282,0,0,1134573
2020-12-10,11,15,0,2,36,28,64,461078,758547,0,0,934235
2020-12-11,8,12,2,1,45,23,68,428627,399736,0,0,1469475
2020-12-12,4,8,1,2,25,15,40,258265,94057,3461,4988,851827
2020-12-13,5,10,2,2,35,19,54,103295,301376,18425,0,524014
2020-12-14,11,7,1,1,47,20,67,316470,170436,16159,2520,857137
2020-12-15,12,13,1,2,32,28,60,309522,376021,19607,4784,1565347
2020-12-16,11,12,2,1,16,26,42,372737,189554,4251,0,677381
2020-12-17,5,3,1,2,17,11,28,257071,74096,2200,0,286814
2020-12-18,5,17,1,2,33,25,58,378560,423081,0,0,670137
2020-12-19,8,15,4,1,34,28,62,323163,520969,6894,0,531662
2020-12-20,6,9,0,1,30,16,46,134686,120945,0,8102,756393
2020-12-21,6,9,1,0,35,16,51,187310,78823,0,0,1123926
2020-12-22,7,7,3,1,42,18,60,309534,179464,9249,0,1781370
2020-12-23,12,8,1,2,39,23,62,562017,297659,0,12539,1427627
2020-12-24,9,9,3,2,39,23,62,356461,142874,7799,0,933490
2020-12-25,12,10,0,2,31,24,55,533283,217284,0,9660,755141
2020-12-26,14,4,1,0,60,19,79,253446,109569,6435,0,985136
2020-12-27,5,5,1,0,34,11,45,161277,92242,6435,0,1186636
2020-12-28,13,17,1,1,39,32,71,410072,322599,3846,6223,436010
2020-12-29,6,15,2,1,45,24,69,149393,366540,0,2861,1713406
2020-12-30,6,9,3,3,39,21,60,414998,133247,21110,4879,1863036
2020-12-31,13,6,2,1,37,22,59,366119,163763,5808,0,1596213
2021-01-01,8,15,2,0,46,25,71,383188,428453,8871,0,790787
2021-01-02,11,8,3,1,43,23,66,406593,174417,6462,3902,996927
2021-01-03,6,17,2,1,53,26,79,116901,415682,823,3809,1892402
2021-01-04,12,6,3,1,36,22,58,279472,182645,24483,0,1419820
2021-01-05,14,10,2,0,51,26,77,273384,227094,20548,0,2183496
2021-01-06,9,14,4,2,47,29,76,337235,214716,26829,5576,1070650
2021-01-07,16,10,2,0,52,28,80,522521,251063,7635,0,2062813
2021-01-08,7,13,2,1,39,23,62,240773,283424,7635,0,1277537
2021-01-09,6,15,1,3,42,25,67,280049,235870,1685,3253,1292188
2021-01-10,6,8,2,3,36,19,55,227081,218221,0,3253,983451
2021-01-11,10,15,2,2,44,29,73,535555,299832,7099,0,912768
2021-01-12,10,12,5,1,37,28,65,241422,248932,18872,6847,1142436
2021-01-13,8,22,4,1,40,35,75,476359,471736,16000,7573,1610902
2021-01-14,12,15,1,2,44,30,74,527396,424708,4018,2801,1688730
2021-01-15,12,20,2,0,51,34,85,371344,895742,1700,0,2200144
2021-01-16,9,15,3,1,54,28,82,345798,554525,33049,0,2716779
2021-01-17,9,17,2,2,48,30,78,424543,461197,15600,0,2052758
2021-01-18,17,20,5,1,52,43,95,608759,766303,55698,3237,2844476
2021-01-19,14,30,10,3,62,57,119,381368,881550,65035,10791,2525935
2021-01-20,11,18,4,3,67,36,103,301677,451656,3436,9338,2777532
2021-01-21,13,14,6,1,57,34,91,201951,544917,34168,0,3556989
2021-01-22,12,11,2,2,36,27,63,594531,739734,743,4465,1234966
2021-01-23,12,12,0,0,38,24,62,312622,253954,0,0,1026965
2021-01-24,9,11,0,1,30,21,51,274756,170650,0,0,526699
2021-01-25,6,10,1,0,50,17,67,295113,237173,702,0,2697459
2021-01-26,8,12,2,4,49,26,75,206305,176870,9395,10958,3091510
2021-01-27,15,14,5,0,62,34,96,558506,330202,18160,0,2663654
2021-01-28,10,15,2,1,61,28,89,154611,407614,20936,0,3256622
2021-01-29,16,20,5,1,58,42,100,593527,712613,69976,0,2379740
2021-01-30,12,14,2,2,46,30,76,491593,374597,32564,0,1710159
2021-01-31,8,11,4,4,45,27,72,349862,316941,33353,2592,2648103
2021-02-01,11,8,5,2,49,26,75,427721,231293,11420,0,1855883
2021-02-02,9,16,4,2,41,31,72,340741,519681,13921,6223,1589624
2021-02-03,9,8,2,3,56,22,78,222029,325788,14442,11067,2944479
2021-02-04,18,11,4,0,64,33,97,652770,450937,13116,0,3100366
2021-02-05,16,9,4,0,53,29,82,512504,292984,16690,0,2596565
2021-02-06,9,10,5,3,54,27,81,401747,406584,8422,4893,3004122
2021-02-07,8,15,2,1,49,26,75,386698,408320,1958,0,2470069
2021-02-08,9,7,4,0,47,20,67,300254,258523,8626,0,2446084
2021-02-09,10,7,4,2,50,23,73,391397,454735,5240,5325,2057499
2021-02-10,11,16,6,2,49,35,84,384748,536185,26221,2277,1888041
2021-02-11,17,18,5,7,50,47,97,508166,270938,29630,6577,2270945
2021-02-12,12,13,6,2,70,33,103,431236,566207,21243,4631,3502405
2021-02-13,15,13,3,0,56,31,87,685106,196094,40557,0,2780664
2021-02-14,11,14,5,1,67,31,98,260712,387614,5806,3408,3142311
2021-02-15,18,25,5,0,74,48,122,475193,859198,7198,0,2743748
2021-02-16,22,15,7,1,48,45,93,668244,691201,10830,5429,2498411
2021-02-17,16,16,5,2,56,39,95,645493,697449,18703,3294,1973413
2021-02-18,15,12,1,3,53,31,84,669833,473567,0,3112,2256385
2021-02-19,17,14,4,1,55,36,91,583452,619019,59005,0,2637100
2021-02-20,15,15,6,0,46,36,82,502277,597839,31762,0,1736379
2021-02-21,8,11,2,0,35,21,56,261528,507267,1162,0,984586
2021-02-22,13,12,2,2,38,29,67,525100,513219,6841,6214,1609843
2021-02-23,12,9,2,3,48,26,74,490374,374142,17614,11704,2864235
2021-02-24,12,12,2,1,38,27,65,588955,290080,7400,9286,1264316
2021-02-25,13,11,2,1,54,27,81,428057,248800,2492,0,2539625
2021-02-26,10,9,1,2,43,22,65,383266,382337,6765,0,1872974
2021-02-27,11,12,0,4,44,27,71,326232,379226,0,6476,787010
2021-02-28,9,8,1,1,23,19,42,408445,280738,8038,2277,283992
2021-03-01,15,19,1,2,50,37,87,551470,497879,7036,0,1912318
2021-03-02,13,18,3,3,55,37,92,487456,477205,13858,6802,3041187
2021-03-03,16,14,5,2,53,37,90,852241,437942,22560,2513,2196190
2021-03-04,15,7,4,0,60,26,86,590356,257418,16193,0,2962995
2021-03-05,14,18,3,1,48,36,84,567574,687453,5727,1790,2042678
2021-03-06,15,11,5,0,41,31,72,519564,339877,35127,0,1665733
2021-03-07,3,9,1,2,30,15,45,168876,191069,0,9664,1025183
2021-03-08,9,12,5,1,30,27,57,337320,365305,37305,0,715184
2021-03-09,9,15,5,4,58,33,91,208145,474572,30416,13146,2650278
2021-03-10,7,13,2,0,36,22,58,310894,349872,17467,0,1427377
2021-03-11,19,10,1,2,62,32,94,776305,365168,5968,7636,4030617
2021-03-12,11,12,0,1,52,24,76,429026,468160,0,0,1531857
2021-03-13,11,11,5,2,40,29,69,429631,244252,39946,10363,1842282
2021-03-14,9,18,4,0,46,31,77,222388,738790,3409,0,1569342
2021-03-15,12,21,2,1,53,36,89,494256,652208,24224,0,2510825
2021-03-16,13,17,1,3,60,34,94,396118,535860,7610,4214,2980478
2021-03-17,5,2,0,1,11,8,19,265963,45250,0,0,717284
2021-03-18,14,8,1,0,33,23,56,604713,260093,17270,0,1185455
2021-03-19,14,18,4,3,58,39,97,526082,751514,66130,7440,2533109
2021-03-20,11,14,4,5,42,34,76,328764,376123,38980,6595,2309376
2021-03-21,5,7,3,0,28,15,43,194543,117063,8940,0,1820005
2021-03-22,10,10,1,0,48,21,69,378749,230447,2284,0,1576609
2021-03-23,12,16,2,5,39,35,74,331914,612327,12240,7101,2159101
2021-03-24,18,18,3,2,64,41,105,558767,518711,19033,4713,3590802
2021-03-25,11,10,1,3,39,25,64,463262,261705,6491,4380,1872519
2021-03-26,13,12,2,2,44,29,73,454917,227155,6491,8015,1477698
2021-03-27,14,12,3,5,57,34,91,322422,345681,11659,4156,2341020
2021-03-28,14,14,1,1,49,30,79,501398,499030,3363,521,1982433
2021-03-29,16,13,5,3,63,37,100,480016,386221,15401,6765,1949833
2021-03-30,19,16,5,3,65,43,108,605071,762093,11424,9022,2787283
2021-03-31,18,22,4,2,70,46,116,554888,670633,2598,5041,2510258
2021-04-01,22,25,6,0,69,53,122,615892,1184982,39426,0,3046688
2021-04-02,16,18,3,2,61,39,100,327712,671867,6752,0,3525728
2021-04-03,17,15,6,3,76,41,117,374681,591275,83446,4602,4921452
2021-04-04,15,13,4,2,72,34,106,363566,287248,32784,0,4050696
2021-04-05,9,14,4,0,64,27,91,161455,293424,6880,0,2525652
2021-04-06,14,20,2,2,38,38,76,594185,559101,1954,3575,1697305
2021-04-07,19,19,0,4,76,42,118,535162,598085,0,4804,2994853
2021-04-08,13,19,4,1,57,37,94,315668,922949,45968,0,2289161
2021-04-09,22,21,3,3,81,49,130,1076302,635575,3948,6132,2935196
2021-04-10,9,16,4,1,61,30,91,400613,840533,20656,2060,2425031
2021-04-11,13,18,5,1,55,37,92,358632,514914,30126,0,2329482
2021-04-12,10,14,4,3,46,31,77,322248,422993,8919,10996,2851570
2021-04-13,2,10,2,2,48,16,64,55239,295428,9896,6038,2353705
2021-04-14,8,7,5,1,44,21,65,266111,203341,67815,0,1809088
2021-04-15,18,12,3,3,41,36,77,642807,363955,45831,2177,1970984
2021-04-16,21,16,3,2,68,42,110,728730,758540,7437,10550,3377296
2021-04-17,21,17,2,0,65,40,105,712988,665955,1599,0,3465852
2021-04-18,13,20,3,1,56,37,93,425854,651637,13264,0,3524213
2021-04-19,21,17,4,0,52,42,94,676009,702222,4326,0,2872986
2021-04-20,14,17,7,4,49,42,91,419728,937230,28958,0,2687893
2021-04-21,21,17,3,12,64,53,117,635750,727263,7696,20765,2711901
2021-04-22,22,17,5,3,67,47,114,883416,464918,5927,6154,3080451
2021-04-23,19,20,3,1,71,43,114,548386,684609,8152,0,2615372
2021-04-24,16,30,5,2,69,53,122,314584,1025227,56434,3959,3846302
2021-04-25,13,16,4,1,61,34,95,423087,479266,7369,0,2930365
2021-04-26,12,11,2,3,47,28,75,517972,387944,699,0,2811880
2021-04-27,15,17,6,1,52,39,91,412283,437553,104677,0,2835696
2021-04-28,13,14,2,3,55,32,87,425819,564549,6491,15368,2744200
2021-04-29,10,12,5,3,46,30,76,334844,210056,70705,12351,1395619
2021-04-30,10,11,4,0,36,25,61,369042,270834,13127,0,1486693
2021-05-01,13,16,6,3,37,38,75,365704,492252,16438,8166,1612278
2021-05-02,16,14,5,1,64,36,100,355347,465677,20153,0,2425582
2021-05-03,7,16,2,0,76,25,101,259909,597474,8381,0,3502694
2021-05-04,12,13,4,6,56,35,91,285633,323610,75171,6959,1863927
2021-05-05,10,13,1,2,43,26,69,540295,340827,226,7573,2465977
2021-05-06,12,17,5,1,63,35,98,453069,611233,22186,0,4594364
2021-05-07,22,13,5,4,64,44,108,782424,569777,30403,2106,2558909
2021-05-08,15,24,3,3,72,45,117,362762,1367217,17850,2106,2631117
2021-05-09,10,14,2,1,56,27,83,436811,725112,9692,0,2741831
2021-05-10,14,16,2,3,45,35,80,460644,343285,29410,7884,2209260
2021-05-11,14,27,3,3,67,47,114,363690,767177,8477,3128,3353633
2021-05-12,21,29,5,4,61,59,120,756071,1076285,26552,14505,3414136
2021-05-13,13,15,7,4,78,39,117,255577,566338,31406,6989,3873657
2021-05-14,21,12,5,1,72,39,111,624643,166478,22951,0,3084470
2021-05-15,8,7,0,0,55,15,70,250394,363605,0,0,2964358
2021-05-16,10,17,5,0,33,32,65,500099,858108,25009,0,1708832
2021-05-17,14,22,5,4,54,45,99,355219,658317,6481,11258,2527740
2021-05-18,16,13,4,2,59,35,94,316463,458461,1137,2577,3694218
2021-05-19,12,17,3,4,60,36,96,383359,575563,7337,12673,2652166
2021-05-20,13,23,5,2,56,43,99,611868,773089,15799,3367,2940074
2021-05-21,18,24,6,2,64,50,114,535096,1265605,13415,0,3809597
2021-05-22,14,21,3,1,72,39,111,332314,1336172,12225,0,3479161
2021-05-23,13,12,5,1,70,31,101,327046,307727,43342,5189,2352651
2021-05-24,12,12,7,5,62,36,98,243721,567255,36271,9682,2471372
2021-05-25,11,10,4,4,52,29,81,401282,296014,19169,2523,3086801
2021-05-26,13,12,4,1,42,30,72,378453,412317,24859,1910,1566311
2021-05-27,24,16,4,2,64,46,110,889092,538693,67092,7385,2856210
2021-05-28,18,23,5,1,55,47,102,699193,622919,36438,0,1978777
2021-05-29,12,23,2,3,53,40,93,567425,1159010,8502,3526,2255840
2021-05-30,15,15,1,1,54,32,86,632353,474844,0,5436,2507268
2021-05-31,19,17,7,1,65,44,109,688645,758450,26530,5436,3149151
2021-06-01,20,28,4,1,67,53,120,594937,950916,11273,0,3486543
2021-06-02,16,12,4,3,75,35,110,508052,561611,11340,2183,2921400
2021-06-03,20,14,3,3,80,40,120,614364,567426,11503,10895,3959378
2021-06-04,16,14,0,3,50,33,83,398409,248901,0,2511,2659466
2021-06-05,24,18,2,2,65,46,111,751858,647701,2306,0,4179104
2021-06-06,17,27,1,2,53,47,100,730205,1166253,7799,0,2346751
2021-06-07,13,15,1,2,67,31,98,276619,561456,1554,0,3081619
2021-06-08,10,14,2,2,61,28,89,274421,457411,1391,6032,3179974
2021-06-09,18,21,6,0,57,45,102,692310,825203,32255,0,3311725
2021-06-10,20,29,4,3,53,56,109,567190,846680,17988,2374,2319575
2021-06-11,16,20,5,2,65,43,108,534166,462603,17501,0,2967411
2021-06-12,23,19,6,4,55,52,107,825433,658102,32649,0,2464989
2021-06-13,10,15,3,4,49,32,81,518909,623018,27157,0,1485233
2021-06-14,12,15,4,2,45,33,78,519377,582962,16842,4311,3111222
2021-06-15,18,21,6,1,54,46,100,453470,822599,14089,0,2713447
2021-06-16,20,23,5,2,67,50,117,588658,577676,3537,3229,2728029
2021-06-17,18,18,4,1,71,41,112,438313,802741,18910,3813,3097089
2021-06-18,17,13,1,2,89,33,122,613361,504101,7171,521,3842512
2021-06-19,20,18,1,2,63,41,104,585415,739918,925,6223,3105879
2021-06-20,17,20,8,2,64,47,111,655174,1151961,41416,6223,2911116
2021-06-21,16,18,1,0,76,35,111,381915,562086,0,0,3493398
2021-06-22,17,14,3,1,74,35,109,520330,475952,21952,4452,3681459
2021-06-23,20,19,2,4,65,45,110,761019,530330,11085,6303,3677390
2021-06-24,18,19,2,3,70,42,112,519493,817775,11375,4406,3332938
2021-06-25,17,24,4,6,79,51,130,561537,801104,14331,8994,3079948
2021-06-26,14,22,7,3,60,46,106,384048,951379,18786,2617,2510394
2021-06-27,16,16,2,1,57,35,92,443885,591580,1318,0,3447063
2021-06-28,14,14,1,1,60,30,90,478294,658528,314,5471,3180207
2021-06-29,17,20,1,1,67,39,106,541672,612464,4947,0,2972240
2021-06-30,14,17,4,2,64,37,101,467546,570980,20381,10443,2506105
2021-07-01,19,17,6,3,68,45,113,521903,845917,22013,4493,2678547
2021-07-02,25,14,2,0,78,41,119,812281,292342,3297,0,3849598
2021-07-03,19,17,5,2,64,43,107,875202,380977,50835,0,4087715
2021-07-04,12,22,4,5,58,43,101,295680,844474,40359,1643,2675477
2021-07-05,18,21,4,2,62,45,107,362860,1105869,26646,1643,2761119
2021-07-06,13,16,4,1,58,34,92,471790,603475,24038,5440,1832158
2021-07-07,11,17,2,5,50,35,85,334915,515184,15566,22990,3223581
2021-07-08,17,17,2,2,60,38,98,335564,668750,18770,18489,2565996
2021-07-09,24,17,4,5,66,50,116,931555,728619,3361,0,2847090
2021-07-10,14,11,5,2,60,32,92,464217,533984,38002,0,2348042
2021-07-11,15,11,2,2,67,30,97,387933,273626,21456,1125,2840348
2021-07-12,14,12,4,3,65,33,98,429881,221101,5612,10148,2928375
2021-07-13,12,20,3,1,53,36,89,469982,827105,5261,2177,3105276
2021-07-14,12,16,1,2,58,31,89,386312,701186,16596,8992,2469217
2021-07-15,13,13,2,1,38,29,67,439512,305483,1810,3820,2184612
2021-07-16,14,17,3,3,57,37,94,424457,331037,24810,7152,2906319
2021-07-17,12,14,0,2,63,28,91,278901,329508,0,0,2274584
2021-07-18,10,10,2,2,60,24,84,217642,242335,2451,0,2210392
2021-07-19,16,14,5,1,71,36,107,652385,383798,29815,6845,3949387
2021-07-20,15,14,3,1,61,33,94,570224,442822,29246,0,2236849
2021-07-21,7,10,6,0,51,23,74,199461,365012,18258,0,2261016
2021-07-22,17,17,0,3,63,37,100,398361,358539,0,8976,2583367
2021-07-23,20,20,2,1,73,43,116,652612,370730,3834,3496,4747294
2021-07-24,17,19,7,3,51,46,97,555969,513481,55484,4660,2076341
2021-07-25,9,14,5,3,59,31,90,596683,646805,27958,4091,2563695
2021-07-26,16,17,3,1,61,37,98,619425,601395,7816,0,3557492
2021-07-27,13,15,3,4,62,35,97,225826,559001,3177,10674,3676349
2021-07-28,16,12,1,1,77,30,107,470072,289715,999,0,3599214
2021-07-29,20,13,4,3,56,40,96,841690,503980,22692,0,3072600
2021-07-30,18,17,3,0,61,38,99,615699,978894,51225,0,1900602
2021-07-31,12,14,0,3,70,29,99,427348,498470,0,4175,3373596
2021-08-01,14,20,5,1,65,40,105,456690,731655,45677,0,2487515
2021-08-02,16,17,3,1,65,37,102,473869,436779,21568,2596,2946529
2021-08-03,25,20,3,1,62,49,111,701340,689218,37139,4175,3668016
2021-08-04,8,26,4,2,74,40,114,371969,631752,61713,4342,3017878
2021-08-05,12,27,3,3,67,45,112,337735,889968,14498,3579,3382787
2021-08-06,19,29,3,4,69,55,124,612281,1082744,999,9810,3200289
2021-08-07,14,30,4,2,63,50,113,377785,1414317,26324,0,1786399
2021-08-08,13,8,3,1,49,25,74,368744,218033,11874,0,2664228
2021-08-09,11,19,6,1,50,37,87,303643,436939,29247,0,2257042
2021-08-10,17,21,3,0,59,41,100,443223,457252,10075,0,3646861
2021-08-11,13,14,2,2,48,31,79,393803,503946,366,8849,2139574
2021-08-12,17,17,6,5,52,45,97,649251,868503,37617,16458,3082390
2021-08-13,12,14,6,5,50,37,87,428839,755664,63808,16966,3289077
2021-08-14,18,18,6,2,64,44,108,382604,646138,20489,5113,3081172
2021-08-15,11,20,4,1,62,36,98,250648,906608,3021,0,3609441
2021-08-16,13,18,4,0,49,35,84,324565,841651,4968,0,1973291
2021-08-17,11,8,1,1,48,21,69,329017,222823,0,0,2143933
2021-08-18,11,9,6,3,42,29,71,466726,318507,44479,14676,1980929
2021-08-19,16,16,3,2,51,37,88,414474,456893,24113,8664,3453851
2021-08-20,10,13,1,4,62,28,90,350948,536900,0,13908,3810868
2021-08-21,19,21,3,1,72,44,116,615434,973499,12973,0,4819845
2021-08-22,15,14,4,2,55,35,90,439237,578020,8716,0,3489072
2021-08-23,10,13,2,3,46,28,74,325176,577375,6996,0,1990754
2021-08-24,14,15,4,1,45,34,79,325685,638837,20947,5211,2373028
2021-08-25,10,14,3,3,53,30,83,236017,387419,42584,4346,2636476
2021-08-26,15,19,3,1,67,38,105,366265,439009,35555,3496,3334098
2021-08-27,15,22,3,2,69,42,111,436163,630606,11888,0,2827815
2021-08-28,16,22,3,1,60,42,102,414915,820556,17017,0,2111755
2021-08-29,16,20,5,2,64,43,107,581498,815016,7124,6223,3350541
2021-08-30,14,14,6,0,66,34,100,350461,351706,6465,0,3674157
2021-08-31,12,19,5,2,67,38,105,379683,505305,27511,0,2725188
2021-09-01,18,18,3,3,57,42,99,651523,595745,19916,4961,2520713
2021-09-02,9,16,1,3,53,29,82,473168,645409,999,4751,2986914
2021-09-03,17,21,3,2,55,43,98,652011,604757,11244,2497,3662271
2021-09-04,14,15,2,1,59,32,91,367347,413692,22504,2520,3253349
2021-09-05,11,9,2,1,49,23,72,356477,346775,19791,2520,2538154
2021-09-06,14,20,4,0,52,38,90,388043,792218,7835,0,3029681
2021-09-07,14,18,2,2,54,36,90,384178,664903,5558,2389,2198966
2021-09-08,17,19,3,2,68,41,109,440192,830649,10534,1251,3445147
2021-09-09,16,19,4,1,70,40,110,636320,838964,31739,1251,3118536
2021-09-10,14,17,0,3,56,34,90,482688,667165,0,0,2638759
2021-09-11,15,18,2,1,49,36,85,397477,471999,17402,4953,2376179
2021-09-12,17,14,2,2,58,35,93,578846,472997,12324,2611,1919569
2021-09-13,13,15,1,1,59,30,89,409166,565093,4532,0,3425533
2021-09-14,21,18,3,2,62,44,106,601021,749953,41509,5627,2591571
2021-09-15,16,21,2,5,65,44,109,609507,581990,19568,6330,3494626
2021-09-16,19,21,1,3,60,44,104,749762,869861,0,8387,4254063
2021-09-17,18,24,3,2,63,47,110,676067,777201,10105,0,3256891
2021-09-18,12,15,6,2,60,35,95,240827,296904,31326,4061,3102288
2021-09-19,10,13,5,1,63,29,92,438360,632771,38403,3890,3203191
2021-09-20,11,14,2,1,63,28,91,282843,455456,26004,3890,2885534
2021-09-21,19,14,5,0,52,38,90,546194,276856,47585,0,2111759
2021-09-22,22,22,5,1,59,50,109,677426,1110279,23333,0,2921575
2021-09-23,12,19,3,2,59,36,95,426664,766879,18239,0,3278554
2021-09-24,19,19,4,5,66,47,113,753201,738853,20210,16280,3413562
2021-09-25,18,11,3,1,51,33,84,608789,429464,23572,5503,2181648
2021-09-26,15,11,2,1,68,29,97,672861,396030,4211,0,2901798
2021-09-27,17,17,2,2,50,38,88,472956,1056776,4561,3547,2955620
2021-09-28,17,16,3,3,62,39,101,368800,514845,39866,12866,2981646
2021-09-29,18,23,8,4,65,53,118,756198,692548,124318,9318,2501687
2021-09-30,20,21,4,2,67,47,114,410274,719222,47582,3878,3191942
2021-10-01,9,15,0,2,35,26,61,252456,659715,0,0,1584815
2021-10-02,8,11,1,3,49,23,72,180160,342693,5735,11070,742067
2021-10-03,10,5,0,0,54,15,69,338523,229218,0,0,2544896
2021-10-04,16,17,2,3,61,38,99,523194,669347,21154,6223,3649635
2021-10-05,19,20,4,2,59,45,104,719898,636154,16518,0,3876877
2021-10-06,13,15,11,4,69,43,112,309811,528013,80338,4110,2997071
2021-10-07,17,18,4,3,58,42,100,681640,629685,15017,4110,2721839
2021-10-08,20,24,4,1,87,49,136,570950,730648,38842,0,3988106
2021-10-09,17,17,4,2,79,40,119,546557,345654,45013,7573,4414480
2021-10-10,19,20,4,1,59,44,103,443223,422277,19024,4199,3170296
2021-10-11,4,9,2,1,24,16,40,66706,278081,21682,1268,1545584
2021-10-12,7,16,2,2,39,27,66,220254,326249,14732,1268,1922993
2021-10-13,20,20,8,1,51,49,100,454393,568529,55594,0,2288078
2021-10-14,13,20,5,4,74,42,116,314559,630384,25852,0,3284556
2021-10-15,16,20,5,0,82,41,123,523088,499072,19345,0,4019067
2021-10-16,11,15,3,1,54,30,84,386272,421741,35088,0,2098759
2021-10-17,10,21,4,0,53,35,88,327119,545452,42414,0,3976289
2021-10-18,13,16,1,0,73,30,103,519685,420726,14595,0,3718394
2021-10-19,16,16,1,2,55,35,90,405500,440820,17660,2469,2331688
2021-10-20,20,21,4,1,61,46,107,641504,507581,18577,0,3257038
2021-10-21,15,17,3,0,56,35,91,520171,657821,22406,0,1928925
2021-10-22,10,11,2,2,50,25,75,356274,553780,1890,4493,2266206
2021-10-23,16,20,4,2,50,42,92,449457,570367,32016,5852,1670610
2021-10-24,10,23,2,3,62,38,100,156940,840039,15634,10207,2772862
2021-10-25,9,15,2,3,56,29,85,393078,764551,9820,9249,3001139
2021-10-26,7,13,3,1,33,24,57,412969,308857,32023,2404,1937395
2021-10-27,4,15,2,0,50,21,71,127915,343018,25958,0,1987753
2021-10-28,10,14,3,1,43,28,71,291478,289074,32288,7872,2590202
2021-10-29,12,14,2,3,32,31,63,511050,226360,15922,0,2727282
2021-10-30,9,10,0,3,50,22,72,243194,272427,0,0,2420122
2021-10-31,12,15,1,3,60,31,91,377162,835652,0,0,2513888
2021-11-01,9,21,4,3,75,37,112,223591,621083,16352,5698,2997648
2021-11-02,18,22,4,0,64,44,108,703036,984680,3956,0,3313767
2021-11-03,15,20,2,2,51,39,90,408290,933118,20936,1833,3075378
2021-11-04,13,10,1,2,57,26,83,324586,262718,0,1833,2433767
2021-11-05,12,13,1,2,56,28,84,429281,442795,449,9500,2348757
2021-11-06,12,9,2,2,39,25,64,388566,368159,25247,2983,1173582
2021-11-07,7,11,1,1,25,20,45,240577,273107,12626,0,1295525
2021-11-08,3,14,2,1,23,20,43,32717,440911,11571,0,720588
2021-11-09,18,12,4,2,46,36,82,604967,460682,26879,2856,2476104
2021-11-10,16,21,5,1,63,43,106,579950,816465,43299,0,2248481
2021-11-11,12,23,6,1,75,42,117,455406,865734,55914,0,3916259
2021-11-12,14,18,4,2,45,38,83,607290,630314,16932,0,2767879
2021-11-13,17,25,2,1,56,45,101,629488,687616,3379,0,2772411
2021-11-14,12,20,1,2,64,35,99,219774,469636,999,3267,3473314
2021-11-15,14,17,4,2,57,37,94,400223,602406,9645,3213,2111607
2021-11-16,16,16,2,2,72,36,108,458587,316831,4118,6437,4771136
2021-11-17,16,11,2,1,67,30,97,742565,325826,2179,0,2826230
2021-11-18,20,24,2,1,42,47,89,698740,955676,10888,3818,1394544
2021-11-19,11,20,2,5,59,38,97,402239,678479,3862,11557,2998968
2021-11-20,9,17,2,2,67,30,97,262147,727995,9264,7849,3436305
2021-11-21,14,25,2,1,70,42,112,424648,950901,7365,2780,2571943
2021-11-22,12,19,4,1,58,36,94,361595,503426,27703,0,4118863
2021-11-23,11,15,7,4,63,37,100,379291,359797,64881,14663,3198749
2021-11-24,17,18,6,2,59,43,102,447714,1104053,45630,0,2399810
2021-11-25,10,13,4,1,45,28,73,230104,716749,22406,0,2356529
2021-11-26,13,19,5,0,52,37,89,394847,375801,36279,0,2444477
2021-11-27,16,20,7,5,57,48,105,768307,588753,59630,2889,3249046
2021-11-28,6,8,0,0,25,14,39,59910,317371,0,0,1265596
2021-11-29,7,22,5,3,53,37,90,219008,783730,24735,5327,2747555
2021-11-30,13,21,4,1,49,39,88,584908,713505,9786,1571,2330480
2021-12-01,8,17,3,5,68,33,101,265575,628227,12330,7573,3214499
2021-12-02,14,23,3,3,56,43,99,425386,885647,5380,10462,3215268
2021-12-03,13,16,2,1,76,32,108,449805,579444,6691,0,4411422
2021-12-04,14,17,7,1,56,39,95,318975,657554,25265,4661,2506446
2021-12-05,10,18,7,0,54,35,89,454011,613960,68480,0,3534631
2021-12-06,9,10,2,1,50,22,72,325229,399718,7007,0,2619928
2021-12-07,5,15,1,1,68,22,90,198029,475128,0,0,2870471
2021-12-08,6,14,0,1,41,21,62,123562,479061,0,3406,2949058
2021-12-09,14,17,3,2,59,36,95,508496,637895,42622,3294,2570542
2021-12-10,12,20,3,2,68,37,105,387519,766950,35269,5858,4592266
2021-12-11,11,10,1,1,48,23,71,359663,346932,295,0,2490718
2021-12-12,12,6,3,1,49,22,71,728167,217416,6829,4681,2799565
2021-12-13,5,14,3,2,45,24,69,237768,528913,16438,8800,3665464
2021-12-14,14,11,4,4,54,33,87,396086,487895,28899,8491,2391229
2021-12-15,12,14,5,3,65,34,99,338586,681691,24716,10662,3128732
2021-12-16,9,14,3,0,37,26,63,411919,489985,44102,0,1673578
2021-12-17,9,18,7,4,44,38,82,302823,647836,36565,0,1941251
2021-12-18,14,23,6,2,70,45,115,329501,317309,45215,8702,3697293
2021-12-19,13,17,7,2,68,39,107,427570,801381,85454,0,2717749
2021-12-20,15,13,3,1,60,32,92,388001,825397,14565,4610,2477412
2021-12-21,9,14,0,3,45,26,71,488384,325875,0,4388,1722252
2021-12-22,10,19,3,1,52,33,85,486420,730193,21685,2306,3588888
2021-12-23,11,12,5,4,46,32,78,513397,566938,18331,6134,990531
2021-12-24,11,14,3,2,55,30,85,336402,610627,9226,0,3104120
2021-12-25,22,23,1,1,66,47,113,676343,658481,8273,4393,3631789
2021-12-26,16,22,2,1,54,41,95,665545,1088603,6437,0,2819878
2021-12-27,6,11,3,0,54,20,74,247622,415186,4443,0,2753280
2021-12-28,6,18,5,0,53,29,82,119113,688304,17229,0,3070520
2021-12-29,10,11,4,2,41,27,68,506751,254585,11341,3826,2722510
2021-12-30,14,16,2,2,56,34,90,416927,387968,20422,3826,3338100
2021-12-31,11,14,3,2,61,30,91,569884,241277,19341,4446,2044237
2022-01-01,10,10,3,2,46,25,71,246890,564537,20913,0,2953801
2022-01-02,11,16,1,3,63,31,94,342507,641201,366,3513,2993746
2022-01-03,12,7,2,1,61,22,83,479202,210283,3877,3058,3951293
2022-01-04,10,15,4,2,58,31,89,318518,616172,20453,8640,2702986
2022-01-05,9,16,6,4,52,35,87,331115,426788,33546,3352,3090487
2022-01-06,13,12,3,3,51,31,82,481372,420198,9022,5075,1828216
2022-01-07,13,9,3,1,50,26,76,636182,302731,20546,1555,3223882
2022-01-08,9,19,2,1,53,31,84,300413,795242,16331,0,2855111
2022-01-09,9,16,2,1,73,28,101,158099,734913,39008,0,3908021
2022-01-10,10,15,3,3,66,31,97,171492,375284,42989,3352,3512875
2022-01-11,14,9,2,4,56,29,85,431756,374740,16761,9784,3166690
2022-01-12,16,21,4,2,54,43,97,532608,792099,51780,8587,2759034
2022-01-13,9,14,2,2,70,27,97,278737,627684,8320,3277,2765679
2022-01-14,10,20,5,2,64,37,101,213577,701503,42013,7570,3323842
2022-01-15,13,13,3,2,53,31,84,365141,409539,11863,4169,3063018
2022-01-16,14,19,5,2,58,40,98,548473,733252,32893,0,2498923
2022-01-17,6,20,5,0,57,31,88,149394,760150,59122,0,3537352
2022-01-18,17,16,4,2,69,39,108,387986,785579,12261,5821,3027936
2022-01-19,17,20,2,2,60,41,101,511536,917690,5206,3240,2611896
2022-01-20,16,15,1,4,60,36,96,554207,309574,1081,6257,4638191
2022-01-21,11,13,0,1,58,25,83,283629,348480,0,4751,2499894
2022-01-22,13,15,3,2,43,33,76,744955,673018,8829,7942,2083340
2022-01-23,14,19,2,2,49,37,86,391808,600332,3591,2403,2216520
2022-01-24,6,24,1,4,57,35,92,371820,685782,0,4613,2764241
2022-01-25,9,19,3,4,67,35,102,290078,690735,8189,4920,4188565
2022-01-26,19,20,4,1,68,44,112,801048,758287,19885,0,2660359
2022-01-27,16,13,4,2,76,35,111,616798,493264,16174,0,3462893
2022-01-28,8,8,7,3,47,26,73,167128,381011,4457,22771,2806780
2022-01-29,14,9,4,1,64,28,92,447907,350469,20655,0,2541853
2022-01-30,16,23,3,1,65,43,108,730425,615719,10193,3243,2524951
2022-01-31,14,27,3,1,58,45,103,639242,1275868,4266,0,2766036
2022-02-01,21,22,6,2,65,51,116,541870,822879,16409,0,2857068
2022-02-02,13,18,5,3,66,39,105,322977,585442,14781,2354,3422033
2022-02-03,13,21,7,1,80,42,122,464825,947798,32607,3406,3891770
2022-02-04,20,13,5,3,73,41,114,643161,294663,24142,0,3399214
2022-02-05,17,17,8,4,73,46,119,533787,500642,20556,1915,4020556
2022-02-06,12,18,3,2,61,35,96,566779,585190,20598,0,3466483
2022-02-07,10,16,1,1,58,28,86,233271,278114,0,7861,2606544
2022-02-08,18,25,3,4,64,50,114,578643,823906,348,17536,2673319
2022-02-09,17,20,6,0,70,43,113,717658,492848,16926,0,4228803
2022-02-10,18,20,4,5,66,47,113,543641,863103,18236,0,3709881
2022-02-11,16,29,2,5,79,52,131,459549,1041749,15185,9185,4926988
2022-02-12,17,25,3,3,75,48,123,544155,1081690,13138,1111,3799330
2022-02-13,19,17,5,2,61,43,104,864963,736038,51632,4290,2711493
2022-02-14,13,15,2,0,65,30,95,422479,608119,18897,0,3367991
2022-02-15,11,20,6,3,74,40,114,213849,787665,53971,0,3697085
2022-02-16,23,28,9,1,66,61,127,851022,571722,32633,3275,3323877
2022-02-17,19,23,6,1,65,49,114,671646,724829,21894,5034,3274317
2022-02-18,17,24,6,1,64,48,112,474384,832434,41423,0,3593301
2022-02-19,24,27,7,6,64,64,128,987898,1004401,29323,2279,3017438
2022-02-20,15,16,3,6,79,40,119,514138,846502,13633,8719,3282149
2022-02-21,14,13,2,2,77,31,108,380909,521195,27727,8919,4056981
2022-02-22,10,10,1,2,53,23,76,310077,591210,6615,0,2290782
2022-02-23,23,13,5,2,74,43,117,566362,548734,13796,0,2670009
2022-02-24,20,24,6,3,60,53,113,694762,634838,28853,5687,2958343
2022-02-25,13,23,6,5,83,47,130,362275,769056,39063,9028,4107820
2022-02-26,14,22,3,1,74,40,114,410741,791219,3846,5340,3620892
2022-02-27,23,15,5,1,71,44,115,590690,699326,9646,0,3345416
2022-02-28,17,14,4,2,49,37,86,579198,535371,33061,3823,1213990
2022-03-01,18,15,5,3,56,41,97,568591,593075,19146,5147,2467138
2022-03-02,16,15,4,1,68,36,104,266995,537820,13931,2695,3429156
2022-03-03,23,21,4,2,72,50,122,578456,493555,21018,3597,5203996
2022-03-04,14,21,6,2,71,43,114,471968,880924,72477,0,3518045
2022-03-05,12,18,4,3,63,37,100,383761,794100,28134,4169,4083153
2022-03-06,17,22,3,4,70,46,116,387394,856069,29322,0,3614676
2022-03-07,14,17,5,2,62,38,100,542394,736255,36585,0,2876753
2022-03-08,14,11,3,3,53,31,84,592226,442439,9722,2493,2867619
2022-03-09,15,17,3,4,57,39,96,449311,691903,23327,6542,3659064
2022-03-10,12,18,3,3,51,36,87,424890,641891,5940,6732,2123582
2022-03-11,11,20,4,1,55,36,91,301672,662308,8137,0,2603551
2022-03-12,22,25,7,3,65,57,122,520462,738079,14086,0,4034174
2022-03-13,14,27,5,4,87,50,137,568474,811978,15896,9490,4405280
2022-03-14,17,27,8,4,77,56,133,464799,1112139,55214,4799,2892770
2022-03-15,19,26,5,2,71,52,123,521988,848400,29262,0,3679297
2022-03-16,11,22,7,2,80,42,122,451200,1014851,23826,2519,4309061
2022-03-17,14,24,5,2,57,45,102,442560,1134516,32675,4071,2558962
2022-03-18,5,17,2,2,47,26,73,127829,522121,8404,0,2697507
2022-03-19,18,20,3,2,62,43,105,611553,678148,13654,2520,3040509
2022-03-20,12,16,10,1,69,39,108,304134,551973,42270,0,2911515
2022-03-21,12,29,6,2,77,49,126,405924,1344181,58310,9542,3386138
2022-03-22,15,21,8,1,78,45,123,444548,667889,41306,3829,4207101
2022-03-23,16,18,4,4,82,42,124,477497,524985,15686,3321,3912041
2022-03-24,9,15,4,2,45,30,75,419674,397703,19509,0,2349359
2022-03-25,18,25,6,0,63,49,112,815130,1307215,21115,0,3617090
2022-03-26,21,13,5,2,82,41,123,708591,451065,9150,5324,4392414
2022-03-27,17,11,11,2,74,41,115,418085,206406,42552,0,2758375
2022-03-28,11,18,2,1,53,32,85,322064,457667,5235,0,2549857
2022-03-29,13,15,4,0,52,32,84,392917,625498,18145,0,2286131
2022-03-30,16,24,2,4,47,46,93,289034,1054523,9198,11422,1926693
2022-03-31,19,24,4,2,82,49,131,489615,914504,32920,0,5728700
2022-04-01,21,20,3,3,88,47,135,907853,887454,17216,18898,4225377
2022-04-02,16,16,4,2,51,38,89,528611,579222,13584,0,2280752
2022-04-03,21,18,3,1,83,43,126,664330,577728,7414,0,4117085
2022-04-04,14,22,7,4,82,47,129,488149,620267,48159,8523,5861021
2022-04-05,21,27,2,3,72,53,125,651950,818178,2594,8425,2365974
2022-04-06,22,28,4,1,91,55,146,701270,951922,28597,0,4066194
2022-04-07,14,19,7,2,86,42,128,430536,531322,62650,0,4547355
2022-04-08,17,17,4,2,69,40,109,496959,322342,47893,0,3482348
2022-04-09,18,19,6,1,60,44,104,640995,658149,43975,2262,4216381
2022-04-10,14,20,5,1,49,40,89,514455,791157,19459,0,3217183
2022-04-11,17,17,3,1,66,38,104,381842,759649,22247,1939,3283460
2022-04-12,12,26,3,0,74,41,115,195825,960404,17222,0,2983025
2022-04-13,21,27,8,4,66,60,126,665956,1003916,44739,12690,3428595
2022-04-14,18,19,8,3,77,48,125,565285,713930,80838,2219,3905295
2022-04-15,19,11,3,0,80,33,113,496346,426755,2091,0,2495703
2022-04-16,19,12,6,5,66,42,108,816504,456828,13400,2522,2965491
2022-04-17,14,20,7,2,77,43,120,440180,898205,25555,0,5002859
2022-04-18,12,26,3,4,68,45,113,471471,789466,18250,6737,3078774
2022-04-19,20,15,5,2,70,42,112,522362,474863,25714,1786,4042348
2022-04-20,18,18,7,2,75,45,120,565471,632684,25714,7319,3676714
2022-04-21,20,27,4,1,63,52,115,422447,641949,22381,0,3066747
2022-04-22,18,25,2,1,79,46,125,594375,447618,0,0,3616624
2022-04-23,18,21,4,5,86,48,134,608920,625895,14414,10499,3872806
2022-04-24,19,27,3,2,62,51,113,458563,823754,24821,10499,3170777
2022-04-25,18,20,5,2,70,45,115,593543,687505,7796,8206,3094794
2022-04-26,25,16,4,3,95,48,143,674670,470890,25734,4406,3911135
2022-04-27,21,18,5,2,81,46,127,735632,580129,29184,4518,3693733
2022-04-28,25,19,7,1,69,52,121,676669,626214,71407,0,3839464
2022-04-29,21,19,5,2,74,47,121,581534,761831,31670,10124,4324871
2022-04-30,13,16,3,3,70,35,105,494968,786493,16321,8172,2765550
2022-05-01,11,20,4,2,67,37,104,340571,857022,26330,0,2192359
2022-05-02,18,19,2,3,72,42,114,457176,656198,3817,0,3916414
2022-05-03,17,13,4,0,79,34,113,488726,622111,25162,0,4214672
2022-05-04,15,16,4,6,63,41,104,508109,485321,24732,3532,2055493
2022-05-05,11,26,7,3,83,47,130,375821,763446,45992,4307,3624907
2022-05-06,26,27,4,2,86,59,145,954223,825086,19446,0,3861541
2022-05-07,32,19,4,2,79,57,136,750276,642512,5691,3938,4057299
2022-05-08,25,27,3,3,71,58,129,628594,1181218,19967,5434,4156863
2022-05-09,18,23,1,2,70,44,114,428103,714152,0,0,3031463
2022-05-10,15,24,5,1,54,45,99,273706,603795,10945,0,2765977
2022-05-11,6,6,0,3,29,15,44,177448,172898,0,9417,1609476
2022-05-12,10,7,1,0,34,18,52,189103,187209,2909,0,1659017
2022-05-13,12,14,2,0,38,28,66,470039,551020,3625,0,1886097
2022-05-14,15,16,4,5,67,40,107,446134,576879,13350,20723,2292921
2022-05-15,11,15,3,5,57,34,91,385507,510020,9982,6333,2672761
2022-05-16,16,15,4,0,55,35,90,423595,526795,13844,0,1999269
2022-05-17,20,22,3,2,66,47,113,549091,752057,4250,7816,3923402
2022-05-18,16,20,6,5,76,47,123,548009,587441,29104,9238,3239409
2022-05-19,15,27,7,1,71,50,121,429339,941322,23051,0,3314773
2022-05-20,16,12,10,6,50,44,94,499576,336139,40316,4909,2182688
2022-05-21,21,23,7,1,66,52,118,795977,744132,24996,4909,3104788
2022-05-22,9,6,4,1,64,20,84,184595,269343,16511,5310,4030163
2022-05-23,9,16,4,0,77,29,106,268216,505792,29441,0,3571471
2022-05-24,15,16,1,0,55,32,87,589501,479647,756,0,3402314
2022-05-25,21,20,3,3,65,47,112,609834,910553,2172,0,3128150
2022-05-26,11,21,5,1,71,38,109,294726,956195,23039,0,2069248
2022-05-27,18,23,2,5,80,48,128,591127,781964,1128,5000,4048759
2022-05-28,21,24,0,1,75,46,121,816412,879721,0,6404,3344480
2022-05-29,16,23,3,5,79,47,126,448146,705445,1415,13335,3720680
2022-05-30,20,20,6,1,80,47,127,675677,800518,16629,0,2970629
2022-05-31,21,16,4,1,75,42,117,555538,687616,34358,3226,2822140
2022-06-01,26,21,3,4,75,54,129,600674,805851,27066,6670,2737973
2022-06-02,23,27,2,6,86,58,144,547778,734919,18931,10212,4171914
2022-06-03,15,27,4,5,73,51,124,431693,982341,3554,2731,4932359
2022-06-04,23,24,3,3,56,53,109,659793,939249,34099,272,2119335
2022-06-05,19,20,4,0,72,43,115,480849,641123,18072,0,3447112
2022-06-06,16,16,1,5,80,38,118,363434,695512,2432,4660,2663356
2022-06-07,23,17,3,2,61,45,106,422534,423822,16815,4025,3528347
2022-06-08,12,11,1,2,45,26,71,409782,555566,7894,2864,1381166
2022-06-09,12,9,2,1,66,24,90,303415,367001,8444,0,1830031
2022-06-10,13,10,2,1,50,26,76,460613,157930,2161,0,2737857
2022-06-11,14,16,5,2,72,37,109,354215,360008,35585,5486,4588128
2022-06-12,18,13,2,3,71,36,107,491201,595298,27513,10771,3039813
2022-06-13,12,12,2,2,48,28,76,303331,495671,28830,3750,2792592
2022-06-14,17,21,5,0,67,43,110,516655,663943,62901,0,4998591
2022-06-15,11,10,1,0,47,22,69,413525,301053,0,0,1704025
2022-06-16,19,18,3,3,68,43,111,687582,623600,16063,0,3134268
2022-06-17,18,6,5,1,53,30,83,401811,157874,18380,0,2469064
2022-06-18,14,22,4,2,62,42,104,445742,455883,37012,6012,3277188
2022-06-19,12,26,1,1,74,40,114,554152,659740,16174,0,2697006
2022-06-20,21,17,1,4,67,43,110,596805,764474,1415,10686,3248867
2022-06-21,20,16,3,4,57,43,100,518622,393202,6958,6615,2033924
2022-06-22,16,15,2,2,55,35,90,560175,610299,2427,16127,3217684
2022-06-23,21,24,3,4,58,52,110,479214,775202,3284,0,2718729
2022-06-24,12,18,5,0,48,35,83,321275,415969,14821,0,3106139
2022-06-25,16,20,6,2,64,44,108,651292,642047,4570,6039,3422802
2022-06-26,17,17,7,2,77,43,120,535029,542863,18185,6039,4158475
2022-06-27,15,23,3,1,88,42,130,281401,544494,2496,0,3660150
2022-06-28,18,21,1,2,70,42,112,351262,715289,1415,5552,2765445
2022-06-29,26,23,3,2,63,54,117,817428,993956,15049,0,2589729
2022-06-30,21,23,3,3,84,50,134,447223,1202835,6921,5536,3396006
2022-07-01,16,16,5,3,60,40,100,506170,394908,15684,3847,2375511
2022-07-02,15,16,6,4,49,41,90,509081,509693,33451,4590,3967469
2022-07-03,9,25,4,3,75,41,116,354140,840934,3833,4586,4671163
2022-07-04,18,25,3,3,83,49,132,388777,559760,22527,12413,4059181
2022-07-05,22,11,4,0,73,37,110,488148,223405,8622,0,4306935
2022-07-06,19,16,7,2,65,44,109,378162,427792,46136,872,2592070
2022-07-07,12,18,3,3,67,36,103,184647,634002,33094,7019,3541448
2022-07-08,10,7,2,0,47,19,66,403002,130549,3038,0,3335705
2022-07-09,17,23,2,5,61,47,108,543400,658032,189,11782,3269150
2022-07-10,10,16,2,1,47,29,76,190803,536287,12020,3413,2353998
2022-07-11,10,16,4,3,71,33,104,248907,640044,18708,10415,3880840
2022-07-12,20,12,5,0,56,37,93,653774,927327,26596,0,3066961
2022-07-13,21,21,5,2,65,49,114,670546,1039903,31390,7826,2646684
2022-07-14,22,20,5,4,96,51,147,684923,647057,46853,0,4500605
2022-07-15,19,18,2,2,93,41,134,675888,756819,7912,2052,5880079
2022-07-16,21,14,5,6,66,46,112,452447,502110,79665,10846,3406602
2022-07-17,18,20,6,2,71,46,117,379762,1123274,103667,4160,3316152
2022-07-18,13,11,2,1,47,27,74,473247,649770,776,4518,2940860
2022-07-19,16,10,2,1,59,29,88,542270,274137,0,5384,2886651
2022-07-20,16,20,2,2,56,40,96,289801,591252,776,0,3320432
2022-07-21,10,15,3,0,56,28,84,409011,696507,23689,0,1226416
2022-07-22,12,12,3,0,71,27,98,366137,444507,11889,0,3379486
2022-07-23,13,13,1,3,63,30,93,468482,382712,0,11083,3234745
2022-07-24,10,7,1,2,29,20,49,272805,102009,799,0,1026757
2022-07-25,12,9,4,0,48,25,73,440671,240016,33956,0,2402676
2022-07-26,17,20,9,0,76,46,122,505294,668787,41317,0,2791979
2022-07-27,10,19,3,3,73,35,108,369886,792392,2212,7519,3122723
2022-07-28,18,16,3,3,58,40,98,617188,465902,11476,3045,2664262
2022-07-29,21,20,5,0,57,46,103,863027,739125,11142,0,2904264
2022-07-30,12,25,5,1,75,43,118,310096,904469,12542,0,2677383
2022-07-31,20,18,5,2,67,45,112,636676,423257,31418,0,4074002
2022-08-01,19,14,8,1,66,42,108,502143,460905,39640,3643,3811975
2022-08-02,24,27,6,2,67,59,126,664885,1144380,7164,0,2669042
2022-08-03,20,30,6,5,73,61,134,768858,1068833,35398,21591,3098643
2022-08-04,21,28,4,0,73,53,126,550154,761599,6908,0,4170508
2022-08-05,18,18,1,7,71,44,115,620048,784881,1287,0,3247963
2022-08-06,14,14,1,1,58,30,88,408881,557616,1287,5666,3362149
2022-08-07,22,17,3,2,75,44,119,669875,537051,6013,4144,2892801
2022-08-08,17,24,5,4,65,50,115,383174,857771,23037,3848,3588120
2022-08-09,13,15,2,0,49,30,79,528945,615241,6176,0,2202385
2022-08-10,23,22,2,4,82,51,133,493616,759508,10165,12224,4000792
2022-08-11,15,12,3,3,62,33,95,427558,534307,33516,0,3048224
2022-08-12,13,25,6,1,81,45,126,323667,1121872,18308,0,3887808
2022-08-13,18,22,4,2,74,46,120,626986,869530,19893,0,2804084
2022-08-14,12,27,3,0,69,42,111,302380,1179158,17981,0,3711995
2022-08-15,14,27,3,2,72,46,118,409876,1376672,12673,3597,2620853
2022-08-16,20,19,4,7,79,50,129,545827,593202,15105,14035,3496226
2022-08-17,14,11,3,3,53,31,84,409251,289505,18417,2993,3607232
2022-08-18,16,9,7,2,65,34,99,354324,304522,35139,0,3558017
2022-08-19,28,18,7,3,83,56,139,904001,659232,47229,0,2838789
2022-08-20,19,18,2,1,81,40,121,485116,715168,9043,0,3427771
2022-08-21,18,17,5,2,67,42,109,521910,593558,13785,9845,3569516
2022-08-22,17,17,6,1,67,41,108,533176,453989,61510,0,3534905
2022-08-23,21,20,3,2,72,46,118,515604,538596,16571,0,2873175
2022-08-24,13,16,7,2,58,38,96,426987,624379,20320,0,3200993
2022-08-25,15,16,6,1,66,38,104,322362,663897,23632,0,2433706
2022-08-26,25,30,4,1,67,60,127,779137,1061351,17231,0,4015368
2022-08-27,18,29,4,2,59,53,112,387121,1163567,44457,0,3168556
2022-08-28,16,17,3,3,61,39,100,364894,518775,2556,0,2754805
2022-08-29,16,16,2,2,44,36,80,344130,611117,189,4994,2138598
2022-08-30,15,21,5,0,63,41,104,336540,918098,23398,0,2616787
2022-08-31,15,23,4,2,77,44,121,470292,641177,24307,2346,5193324
2022-09-01,21,25,6,3,79,55,134,546218,776253,17712,12656,3977952
2022-09-02,21,17,4,4,86,46,132,546424,676299,4200,8016,4440370
2022-09-03,13,25,8,3,80,49,129,280709,839798,9939,6482,4194001
2022-09-04,24,19,5,1,80,49,129,681648,1003788,24522,0,5835705
2022-09-05,13,16,4,4,82,37,119,407879,602216,11625,7872,5397832
2022-09-06,18,24,3,3,60,48,108,552820,953389,3135,13073,1935702
2022-09-07,18,20,4,1,51,43,94,524638,766355,42153,7212,2442906
2022-09-08,10,16,6,2,49,34,83,252241,744235,15845,7212,3678096
2022-09-09,14,13,4,1,38,32,70,405099,337190,35941,0,2631080
2022-09-10,7,12,1,1,43,21,64,353897,463082,3086,0,2817974
2022-09-11,11,14,2,2,77,29,106,265220,333985,17069,7179,3721164
2022-09-12,14,13,1,3,62,31,93,601518,505883,0,10907,3126873
2022-09-13,18,19,4,1,80,42,122,405310,563096,50222,5170,3625645
2022-09-14,21,26,15,3,66,65,131,673275,755227,87118,7705,4004399
2022-09-15,19,22,6,2,53,49,102,462104,740308,27422,5992,2978128
2022-09-16,19,20,5,1,86,45,131,552679,440172,48186,0,3062233
2022-09-17,17,14,2,3,66,36,102,442192,237302,9821,8189,2558085
2022-09-18,14,26,1,0,55,41,96,353439,840295,0,0,3422348
2022-09-19,10,15,2,1,44,28,72,297027,716730,1565,0,1607700
2022-09-20,18,19,6,3,64,46,110,437568,660717,18850,11649,3285197
2022-09-21,11,12,4,1,42,28,70,333716,456962,16376,2306,1806408
2022-09-22,18,13,5,1,73,37,110,416223,553237,51581,0,3000346
2022-09-23,14,15,2,0,60,31,91,578176,632021,36372,0,2344400
2022-09-24,9,20,6,4,45,39,84,254508,695925,38236,8751,1592638
2022-09-25,19,18,6,2,76,45,121,592927,579160,34313,2778,3911321
2022-09-26,22,31,4,0,71,57,128,602396,1132836,5069,0,2060483
2022-09-27,16,14,3,0,62,33,95,494948,461837,25779,0,2342282
2022-09-28,11,15,2,3,55,31,86,488068,663515,14001,5044,2388356
2022-09-29,8,24,3,0,72,35,107,214477,730192,1572,0,3231451
2022-09-30,14,11,3,0,53,28,81,444640,294259,14296,0,2218020
2022-10-01,14,17,3,3,68,37,105,365305,549570,17870,7416,3769295
2022-10-02,15,22,5,4,69,46,115,396054,774827,10725,6583,3122504
2022-10-03,14,17,2,3,67,36,103,425211,305480,15861,4289,4672611
2022-10-04,17,17,3,2,72,39,111,313623,409660,18294,3591,4785246
2022-10-05,16,23,4,4,76,47,123,654908,955507,15119,3748,3666484
2022-10-06,17,17,4,2,68,40,108,537498,666990,9412,0,2130224
2022-10-07,14,15,2,1,60,32,92,428596,931674,38562,3733,2904621
2022-10-08,20,19,4,3,69,46,115,424616,835792,35878,6736,2533170
2022-10-09,22,20,3,0,68,45,113,730345,711722,6547,0,2624905
2022-10-10,25,20,4,2,62,51,113,684953,1050243,22292,0,3141333
2022-10-11,20,17,5,3,64,45,109,492807,621210,19488,4087,2501292
2022-10-12,16,13,3,4,61,36,97,574847,492893,16353,3648,3430094
2022-10-13,12,15,4,1,66,32,98,266650,539375,26412,0,3407249
2022-10-14,19,21,6,3,70,49,119,510007,581205,42093,3120,2765551
2022-10-15,20,20,7,2,78,49,127,625378,756625,56099,2106,4043962
2022-10-16,19,16,2,1,77,38,115,499819,601578,0,0,4690687
2022-10-17,16,15,6,3,70,40,110,340741,612354,28581,3213,4334893
2022-10-18,10,14,3,2,44,29,73,310477,328003,23999,0,1993843
2022-10-19,17,16,7,2,67,42,109,582003,849748,84598,5707,2914662
2022-10-20,15,15,4,2,59,36,95,310611,626641,44722,11863,2085917
2022-10-21,20,14,8,4,75,46,121,524350,509103,67273,11531,2965149
2022-10-22,20,21,6,0,77,47,124,466577,618090,93727,0,3491766
2022-10-23,19,25,7,2,81,53,134,650481,672220,36392,0,2524478
2022-10-24,14,12,4,2,70,32,102,187052,450959,22215,0,3348277
2022-10-25,18,19,1,3,57,41,98,526765,425264,1467,4505,2963060
2022-10-26,10,14,5,3,58,32,90,323073,355415,23361,9928,2669473
2022-10-27,21,19,6,3,81,49,130,374797,783634,31357,10454,3332779
2022-10-28,16,25,1,8,88,50,138,470330,721271,3814,4870,3860885
2022-10-29,14,27,1,1,78,43,121,374299,884810,0,0,3343943
2022-10-30,18,20,5,1,47,44,91,509378,751965,18956,5860,2937834
2022-10-31,13,14,4,1,60,32,92,183958,546950,24856,3086,3283097
2022-11-01,21,19,1,2,69,43,112,493137,493017,3190,0,4743582
2022-11-02,17,13,3,3,74,36,110,528140,540382,3875,2592,4798872
2022-11-03,15,17,4,6,59,42,101,364250,564688,33633,11600,3386351
2022-11-04,14,18,1,2,54,35,89,542424,688791,16287,0,3795071
2022-11-05,12,10,2,4,50,28,78,255421,545760,432,3120,3156886
2022-11-06,16,20,3,1,56,40,96,352686,434964,17284,0,3255508
2022-11-07,13,26,3,1,63,43,106,395083,846113,7216,3393,2773206
2022-11-08,11,21,1,2,51,35,86,372554,916937,2513,3393,2330366
2022-11-09,10,7,1,1,35,19,54,309973,430973,11090,5808,2233584
2022-11-10,10,14,5,2,45,31,76,384019,495663,40176,3820,2672158
2022-11-11,12,23,3,2,66,40,106,374617,651862,8681,6436,3505561
2022-11-12,13,25,9,1,57,48,105,408036,711656,55506,2959,2839154
2022-11-13,8,12,5,1,46,26,72,324984,567429,48909,0,3289848
2022-11-14,12,9,2,3,46,26,72,448805,518315,11409,0,2196838
2022-11-15,11,10,4,5,54,30,84,159312,343495,20299,6149,2872265
2022-11-16,15,12,5,4,49,36,85,450191,645790,19392,12321,3190433
2022-11-17,25,14,5,1,83,45,128,517417,602922,5505,0,4685202
2022-11-18,18,15,4,6,67,43,110,664552,432783,12427,13893,3248429
2022-11-19,2,9,1,1,24,13,37,93602,206492,5280,0,943387
2022-11-20,12,13,3,3,66,31,97,379686,564496,31110,8148,2858120
2022-11-21,15,10,1,2,46,28,74,491819,278644,3843,6730,2245418
2022-11-22,15,11,2,1,43,29,72,527203,661411,13073,0,1357500
2022-11-23,14,18,3,4,37,39,76,459743,716345,16066,8420,2079565
2022-11-24,13,8,6,3,51,30,81,313217,242855,32217,4178,3502067
2022-11-25,10,7,5,0,45,22,67,396071,414849,8229,0,1170766
2022-11-26,4,6,4,2,35,16,51,118990,357715,16024,0,1679925
2022-11-27,15,15,7,1,66,38,104,331153,705158,26840,0,2968760
2022-11-28,18,22,4,5,66,49,115,507285,648965,24891,14051,2235901
2022-11-29,23,14,4,4,61,45,106,592667,289736,12434,6369,2601444
2022-11-30,13,14,3,2,64,32,96,308963,305107,28800,0,3720371
2022-12-01,12,16,3,3,46,34,80,288831,412263,18873,3443,2358531
2022-12-02,10,14,5,3,55,32,87,356727,228207,19362,10451,2531963
2022-12-03,11,11,2,4,58,28,86,433002,428088,8842,8476,2477406
2022-12-04,12,13,5,1,58,31,89,269064,646094,7477,0,3394050
2022-12-05,18,13,3,1,54,35,89,361331,479794,10886,1679,2954477
2022-12-06,17,17,3,2,37,39,76,408775,892901,16016,3080,1200787
2022-12-07,8,22,3,3,58,36,94,296345,768613,72056,8870,3868825
2022-12-08,9,9,5,3,43,26,69,231883,292571,29509,3052,2537838
2022-12-09,8,15,4,2,35,29,64,265019,646456,18521,3052,1709488
2022-12-10,16,16,3,1,51,36,87,334456,518479,11461,0,2541642
2022-12-11,12,16,7,2,52,37,89,315419,601229,22612,5888,2805286
2022-12-12,14,18,4,4,51,40,91,573148,381798,4008,15091,3490489
2022-12-13,13,15,1,2,57,31,88,286264,488896,0,3336,1935008
2022-12-14,12,17,3,4,47,36,83,196121,501688,13270,11516,4042671
2022-12-15,18,10,7,3,63,38,101,340891,123660,51013,4713,4000474
2022-12-16,15,15,2,1,52,33,85,593297,474746,23097,847,3385732
2022-12-17,12,19,5,1,62,37,99,293792,721372,17955,0,3215524
2022-12-18,12,25,2,2,69,41,110,253935,1142690,24770,6294,2488687
2022-12-19,14,21,1,1,40,37,77,550097,866080,3093,2315,1729683
2022-12-20,11,13,4,1,43,29,72,447268,472423,29023,5707,2853771
2022-12-21,14,15,3,2,57,34,91,357716,432373,41851,0,2653625
2022-12-22,11,12,6,4,75,33,108,329878,329300,46148,15408,2608429
2022-12-23,15,8,6,3,59,32,91,624040,223551,27676,15674,2912988
2022-12-24,12,14,5,0,39,31,70,436530,597614,10474,0,1300233
2022-12-25,10,12,4,1,45,27,72,424648,462475,13789,2528,2598093
2022-12-26,15,12,2,1,49,30,79,441403,274570,9104,0,2374534
2022-12-27,15,11,4,2,39,32,71,405809,445900,8247,2283,646929
2022-12-28,17,9,4,0,59,30,89,552986,358989,45311,0,3122498
2022-12-29,13,11,5,1,46,30,76,366394,335553,52584,4912,2453419
2022-12-30,8,8,0,1,36,17,53,469027,223222,0,4309,1246297
2022-12-31,6,19,2,2,37,29,66,254418,516194,30457,0,2240372
2023-01-01,12,17,2,7,50,38,88,413260,668498,31512,7210,3141243
2023-01-02,14,18,5,2,60,39,99,305658,805257,10905,4493,2938466
2023-01-03,19,16,3,1,53,39,92,509521,563894,4964,8901,2760422
2023-01-04,20,14,2,2,58,38,96,609279,315643,19585,11882,4063870
2023-01-05,20,15,2,3,51,40,91,533918,778162,1599,5707,2022234
2023-01-06,8,11,2,3,46,24,70,305189,452816,20879,6492,2337082
2023-01-07,15,12,3,3,62,33,95,442533,287251,21186,6492,3346647
2023-01-08,13,16,4,2,51,35,86,381545,459982,10299,0,2861132
2023-01-09,14,13,5,2,55,34,89,350128,569684,30488,3901,1708179
2023-01-10,13,19,7,1,49,40,89,401856,678006,38630,2627,1696284
2023-01-11,15,10,5,2,37,32,69,379307,340644,11734,12194,1883288
2023-01-12,15,16,2,1,46,34,80,423357,187193,5021,6492,1958713
2023-01-13,13,14,1,0,40,28,68,285813,287570,4352,0,2244655
2023-01-14,13,15,5,3,55,36,91,385509,449607,9052,5293,4633693
2023-01-15,15,12,6,0,31,33,64,453771,510517,31420,0,1873256
2023-01-16,12,13,3,1,49,29,78,318256,339838,24513,0,3240184
2023-01-17,18,9,3,2,53,32,85,502497,154221,11390,2984,3070881
2023-01-18,14,22,0,1,58,37,95,287362,751041,0,3339,2907996
2023-01-19,14,20,4,5,55,43,98,538656,550219,19976,4289,2048739
2023-01-20,12,18,2,0,57,32,89,420805,639967,1526,0,2982778
2023-01-21,9,19,4,4,54,36,90,186374,688523,39388,0,2749758
2023-01-22,16,19,4,2,64,41,105,390312,775887,33609,5052,3662741
2023-01-23,15,14,3,3,55,35,90,338044,627032,12189,10343,2710989
2023-01-24,23,12,6,4,50,45,95,802850,437617,16459,4914,2257143
2023-01-25,25,18,4,1,72,48,120,519914,753794,34003,3070,4441824
2023-01-26,16,16,1,1,60,34,94,519846,653322,1217,3706,3022280
2023-01-27,15,14,3,1,57,33,90,603152,241204,9762,0,1781374
2023-01-28,18,16,2,1,61,37,98,510738,389245,3426,0,2938002
2023-01-29,12,15,2,2,54,31,85,540524,641730,1534,5485,2742204
2023-01-30,10,15,2,3,52,30,82,343998,418166,16442,0,2542514
2023-01-31,21,18,4,0,57,43,100,687790,528749,8739,0,2376106
2023-02-01,16,9,5,0,61,30,91,446101,449148,6057,0,2663972
2023-02-02,10,6,1,5,48,22,70,285587,168569,1217,6827,2601079
2023-02-03,6,28,6,1,63,41,104,202566,659139,40572,0,3126421
2023-02-04,11,20,2,1,63,34,97,386353,732935,1852,0,3034277
2023-02-05,9,12,5,1,46,27,73,588224,457877,44898,0,2560133
2023-02-06,14,20,3,1,56,38,94,459711,601399,10522,8270,3342370
2023-02-07,17,19,9,4,68,49,117,511137,639708,48421,8817,2561128
2023-02-08,19,10,4,2,56,35,91,441247,553421,35680,0,3645018
2023-02-09,17,17,3,2,52,39,91,529827,948424,15117,9397,3132923
2023-02-10,11,14,3,1,41,29,70,313734,657251,48435,0,1870571
2023-02-11,6,9,3,1,39,19,58,135140,291708,24049,0,1535288
2023-02-12,15,24,4,3,71,46,117,395954,539291,33863,12800,3181979
2023-02-13,17,11,7,4,75,39,114,491997,233681,50948,5785,3507701
2023-02-14,9,10,3,1,45,23,68,315108,295630,13039,6641,1727408
2023-02-15,16,7,3,1,33,27,60,434666,109279,1106,1602,1396110
2023-02-16,30,26,3,2,87,61,148,693613,854865,5154,0,4326647
2023-02-17,20,18,7,3,68,48,116,754141,369629,77682,0,3672566
2023-02-18,12,17,4,1,50,34,84,271562,337864,12575,0,2853705
2023-02-19,15,16,3,1,47,35,82,390883,801718,14425,3358,1982634
2023-02-20,21,18,5,3,61,47,108,482302,615894,64103,0,2263823
2023-02-21,21,17,10,5,49,53,102,542492,559794,80338,16117,1761053
2023-02-22,14,20,7,4,81,45,126,438387,639879,42135,7608,3990638
2023-02-23,16,14,3,4,54,37,91,553246,509338,3447,18191,3165736
2023-02-24,19,20,7,2,86,48,134,508458,932971,22419,11718,4736267
2023-02-25,22,24,6,3,62,55,117,676014,1155746,13496,8443,2705278
2023-02-26,19,23,7,4,78,53,131,604171,1033691,15847,12885,4430079
2023-02-27,15,11,1,2,64,29,93,362922,452110,2078,4938,2999219
2023-02-28,24,15,5,5,56,49,105,716429,543976,17230,4946,3547560
2023-03-01,20,13,5,2,59,40,99,465385,508573,41935,4003,2705716
2023-03-02,14,16,3,2,54,35,89,337610,639760,10405,0,2391253
2023-03-03,17,12,4,3,53,36,89,478051,598811,13333,4129,3551143
2023-03-04,12,9,5,3,43,29,72,410146,404391,44129,4129,2547650
2023-03-05,11,11,1,4,74,27,101,429266,390769,21933,0,4123895
2023-03-06,21,29,4,5,67,59,126,718449,976614,31344,5543,2275103
2023-03-07,19,24,6,4,78,53,131,540066,861073,10840,6291,3905339
2023-03-08,23,19,4,4,71,50,121,956551,565321,1114,3825,3226421
2023-03-09,25,26,4,3,65,58,123,691685,709159,3417,7662,2622357
2023-03-10,22,23,3,0,65,48,113,534112,676222,4957,0,2284890
2023-03-11,24,18,2,4,85,48,133,440719,439275,1217,13327,4141955
2023-03-12,15,22,4,2,71,43,114,430394,481327,14636,2431,3749260
2023-03-13,22,13,5,2,61,42,103,708900,336354,19975,2577,3207795
2023-03-14,18,13,7,1,69,39,108,362229,522590,13464,2933,3748865
2023-03-15,10,11,3,2,51,26,77,307689,433769,2204,5709,2699861
2023-03-16,20,16,3,4,55,43,98,442639,662108,4077,11486,3073175
2023-03-17,18,20,4,0,56,42,98,662996,819383,6948,0,1664847
2023-03-18,15,18,3,3,65,39,104,392594,352394,12029,11522,3270623
2023-03-19,22,15,6,1,68,44,112,546210,413335,26190,0,3705906
2023-03-20,16,19,7,2,55,44,99,377141,593310,72420,7573,2971180
2023-03-21,16,11,6,0,44,33,77,733365,345333,40955,0,1528713
2023-03-22,12,11,6,5,37,34,71,399038,558834,25710,11644,1996398
2023-03-23,13,9,2,1,42,25,67,266990,349127,26665,0,2603874
2023-03-24,8,8,2,0,31,18,49,335305,354930,26441,0,2271504
2023-03-25,12,14,5,1,49,32,81,301857,405878,50912,8728,1641434
2023-03-26,13,15,5,0,58,33,91,409323,893267,50043,0,3265841
2023-03-27,9,5,6,1,43,21,64,166783,117373,45134,4087,2200155
2023-03-28,11,8,1,3,41,23,64,280545,270643,3846,10645,2321167
2023-03-29,15,18,4,4,43,41,84,467222,518594,36044,4364,2325626
2023-03-30,20,24,4,1,64,49,113,379890,774937,31698,0,3119592
2023-03-31,14,27,6,3,76,50,126,489236,1088446,14817,0,3808337
2023-04-01,24,21,8,4,66,57,123,615091,885366,19116,0,2770109
2023-04-02,10,9,2,1,55,22,77,198528,357686,3881,0,3485074
2023-04-03,17,6,3,2,46,28,74,567033,297325,18792,9230,2264006
2023-04-04,13,10,7,5,44,35,79,317241,259236,22188,9391,2227354
2023-04-05,16,15,4,1,57,36,93,469809,168778,23094,0,3119716
2023-04-06,18,27,6,2,75,53,128,353061,633060,29047,0,4378481
2023-04-07,18,14,6,3,54,41,95,529961,502287,13300,3358,2782762
2023-04-08,16,16,6,2,67,40,107,405814,474224,28204,2283,3682520
2023-04-09,15,18,3,3,82,39,121,394693,562039,43314,7843,3630071
2023-04-10,13,24,5,2,63,44,107,286202,872333,58761,0,2709065
2023-04-11,22,22,7,7,63,58,121,560211,841659,20552,16065,3748348
2023-04-12,12,12,6,4,67,34,101,335408,481543,36954,9479,2841980
2023-04-13,20,16,4,0,70,40,110,381948,502792,39543,0,3918245
2023-04-14,15,14,8,2,65,39,104,450859,594290,62637,4615,2951958
2023-04-15,19,9,5,1,56,34,90,493025,591317,8656,0,2201418
2023-04-16,13,18,0,3,57,34,91,280593,580313,0,15785,3906170
2023-04-17,20,13,2,3,56,38,94,540037,395799,20858,4434,2888816
2023-04-18,17,12,8,4,62,41,103,523865,270818,47736,11471,3726015
2023-04-19,11,17,8,4,70,40,110,307077,614877,25775,3414,2813249
2023-04-20,20,28,5,2,102,55,157,344639,814550,21660,8124,4694748
2023-04-21,23,22,6,4,67,55,122,679018,648965,39121,7982,3901962
2023-04-22,33,23,5,1,83,62,145,879870,928993,17092,4895,4278590
2023-04-23,20,19,6,1,63,46,109,513277,678129,44075,0,3948958
2023-04-24,20,14,3,3,66,40,106,391244,459924,4002,3164,2749883
2023-04-25,19,14,4,3,66,40,106,445782,565333,51966,0,3448866
2023-04-26,15,9,3,4,52,31,83,332327,270499,56114,1931,2273157
2023-04-27,20,17,3,3,58,43,101,662095,475508,6961,1586,3105954
2023-04-28,23,11,4,3,60,41,101,597001,397855,6647,1586,2088589
2023-04-29,16,14,4,2,71,36,107,565836,407771,20458,0,3881570
2023-04-30,15,8,3,4,55,30,85,628103,359882,5578,5895,1978027
2023-05-01,15,16,6,3,62,40,102,274587,543358,25786,0,4430493
2023-05-02,21,17,5,1,58,44,102,667682,904472,31986,0,2652509
2023-05-03,12,16,3,3,58,34,92,468731,700852,16705,3706,3167245
2023-05-04,12,18,3,4,50,37,87,383812,636022,5452,0,2095988
2023-05-05,19,17,1,5,55,42,97,577220,590615,1415,2120,2925990
2023-05-06,26,24,7,4,70,61,131,625388,1078776,36201,5195,4169023
2023-05-07,25,16,12,3,69,56,125,709795,845225,104704,3493,3110076
2023-05-08,26,21,8,1,70,56,126,704371,611794,61299,0,4137207
2023-05-09,19,14,3,0,62,36,98,582933,609049,13632,0,3052630
2023-05-10,20,21,4,4,69,49,118,822929,923213,25345,11384,3634358
2023-05-11,23,20,6,2,83,51,134,595077,961631,45200,0,4456709
2023-05-12,14,16,4,2,72,36,108,486477,496780,21416,0,3089835
2023-05-13,22,18,3,4,76,47,123,373794,847611,5497,4278,3252860
2023-05-14,21,22,4,1,70,48,118,592155,701420,19448,0,3825284
2023-05-15,15,17,4,3,58,39,97,322015,312348,34365,6298,2780462
2023-05-16,11,17,2,3,36,33,69,286710,614975,569,7789,1608645
2023-05-17,16,19,3,2,61,40,101,420859,661520,18746,7001,4067596
2023-05-18,20,21,5,5,74,51,125,456196,436199,24659,14228,3358580
2023-05-19,23,20,3,2,86,48,134,582876,670817,10515,0,3475121
2023-05-20,20,14,5,2,91,41,132,385046,800568,48491,6492,4065420
2023-05-21,6,8,0,1,47,15,62,164321,326623,0,6556,1769237
2023-05-22,21,13,5,6,66,45,111,292356,324061,17077,24476,2459435
2023-05-23,22,11,9,2,59,44,103,562355,247818,32552,7054,1125285
2023-05-24,20,10,1,3,63,34,97,577570,237617,4285,0,2378560
2023-05-25,18,19,6,0,64,43,107,560821,584802,21256,0,2814457
2023-05-26,20,21,6,2,69,49,118,534279,677528,42929,0,2448965
2023-05-27,18,17,2,4,65,41,106,467370,705090,1509,5708,2617777
2023-05-28,17,15,5,1,50,38,88,441728,435116,28214,2205,2109274
2023-05-29,19,23,7,1,68,50,118,639238,680298,85363,0,3550259
2023-05-30,17,12,2,1,64,32,96,292867,438331,3843,2409,3035054
2023-05-31,27,12,6,5,74,50,124,956281,321814,6073,18802,3542017
2023-06-01,19,6,6,1,66,32,98,417381,204354,5496,0,2944251
2023-06-02,14,26,7,0,53,47,100,364855,845914,41758,0,3022194
2023-06-03,6,8,4,0,27,18,45,113699,233019,6679,0,2130474
2023-06-04,12,16,4,0,70,32,102,362597,627538,7576,0,4256025
2023-06-05,24,28,8,1,78,61,139,563407,1247716,30764,0,4930552
2023-06-06,23,23,4,3,62,53,115,491940,823962,19753,3951,2797651
2023-06-07,11,17,1,2,62,31,93,421918,454730,79,3238,3065390
2023-06-08,19,18,4,2,64,43,107,354257,557500,22571,3931,2966420
2023-06-09,18,21,6,4,80,49,129,507339,705398,26962,15371,3660981
2023-06-10,22,17,4,0,65,43,108,585945,500397,34522,0,3507066
2023-06-11,13,24,4,1,68,42,110,320092,1121626,20889,5247,2781464
2023-06-12,9,15,6,2,37,32,69,105031,510678,32788,4529,2704129
2023-06-13,10,8,7,1,33,26,59,336199,285084,22526,2164,2258120
2023-06-14,19,11,3,7,43,40,83,459600,346530,579,0,2639941
2023-06-15,19,13,3,1,61,36,97,667385,359859,13419,0,4441258
2023-06-16,12,13,1,1,65,27,92,521820,366050,12897,0,3837976
2023-06-17,16,19,3,0,68,38,106,515721,681965,2900,0,2682588
2023-06-18,18,20,4,1,69,43,112,593348,886516,17976,446,3582741
2023-06-19,14,19,9,4,61,46,107,302596,491415,20349,10015,2556783
2023-06-20,15,20,8,2,57,45,102,426839,953258,14729,6110,2050222
2023-06-21,18,16,6,5,70,45,115,434565,553380,41866,13140,2234129
2023-06-22,24,16,7,3,65,50,115,615355,735092,23152,8424,4224072
2023-06-23,17,12,5,2,54,36,90,429157,407854,32485,8146,3102763
2023-06-24,22,19,6,1,86,48,134,433437,594529,51046,7247,4681026
2023-06-25,23,12,5,3,55,43,98,749333,433187,27659,7247,3225487
2023-06-26,17,13,3,2,60,35,95,425697,509015,15539,6216,3008044
2023-06-27,24,19,2,5,60,50,110,721290,937183,6272,5448,2793046
2023-06-28,20,19,1,6,73,46,119,443115,681038,994,0,3150994
2023-06-29,20,17,8,1,75,46,121,640011,343458,62719,847,3972057
2023-06-30,18,18,4,3,59,43,102,556989,691994,46095,3360,1787611
2023-07-01,14,17,8,1,70,40,110,481488,639877,50051,0,2862372
2023-07-02,17,15,9,0,73,41,114,585497,530866,42232,0,4199883
2023-07-03,13,14,4,4,59,35,94,396587,532022,8986,18284,4396761
2023-07-04,16,15,5,1,56,37,93,616480,652869,9366,0,2884533
2023-07-05,18,19,8,4,97,49,146,595484,929078,41547,8638,4898618
2023-07-06,16,15,0,3,57,34,91,372879,249529,0,0,2693377
2023-07-07,13,16,7,3,71,39,110,513771,443574,38845,6670,3338484
2023-07-08,9,11,9,0,47,29,76,247029,324986,80470,0,2783748
2023-07-09,16,7,4,0,62,27,89,512241,178673,35837,0,2399992
2023-07-10,24,15,6,0,79,45,124,868853,795586,46349,0,3891305
2023-07-11,14,23,9,1,74,47,121,422612,954644,35266,0,4127397
2023-07-12,10,13,7,2,42,32,74,228175,237677,20487,3621,1686366
2023-07-13,24,22,5,3,81,54,135,665768,1137014,31754,0,3953893
2023-07-14,19,24,5,2,80,50,130,568529,867931,19229,0,3502551
2023-07-15,17,19,3,2,74,41,115,361996,406182,4896,0,3179714
2023-07-16,12,11,5,1,63,29,92,272537,495673,10910,7213,2974464
2023-07-17,23,18,6,2,67,49,116,487397,805430,57229,0,3609772
2023-07-18,14,16,3,1,57,34,91,366803,671359,36926,2746,2298885
2023-07-19,11,10,2,3,37,26,63,248558,458872,49443,6410,1886191
2023-07-20,24,19,5,3,88,51,139,476157,512545,19452,6953,4540307
2023-07-21,20,14,9,1,77,44,121,605941,539879,36952,4382,2965342
2023-07-22,11,17,4,1,60,33,93,211687,266687,37895,3521,2691394
2023-07-23,24,13,4,3,60,44,104,668993,409563,50895,4358,2692469
2023-07-24,13,18,2,0,71,33,104,310059,888994,2228,0,3966516
2023-07-25,13,11,2,3,50,29,79,458646,394068,5102,2696,2294501
2023-07-26,12,14,5,1,43,32,75,431892,424418,31485,6492,1529898
2023-07-27,15,14,3,4,46,36,82,336236,502048,25866,4827,3057441
2023-07-28,13,12,4,1,51,30,81,341416,455520,25405,0,2600680
2023-07-29,9,16,2,2,30,29,59,216851,527509,5525,0,1163691
2023-07-30,15,19,4,3,65,41,106,374522,770987,16523,0,2528410
2023-07-31,20,25,2,2,93,49,142,609721,963715,15540,0,3940730
2023-08-01,15,11,2,0,72,28,100,325814,516930,4125,0,2979490
2023-08-02,14,16,3,3,66,36,102,294806,616493,4808,4230,1894108
2023-08-03,28,20,4,3,69,55,124,1059575,471691,49534,4949,3504411
2023-08-04,23,18,2,3,73,46,119,508501,695679,0,6962,2675935
2023-08-05,20,15,5,2,48,42,90,430615,542667,11529,0,2365948
2023-08-06,15,16,4,1,59,36,95,350298,724254,14050,4309,3184994
2023-08-07,12,22,3,1,56,38,94,310637,668924,2566,0,2492795
2023-08-08,21,14,11,4,65,50,115,625786,303318,48525,0,2803223
2023-08-09,13,19,5,1,52,38,90,384073,552485,24226,0,2285632
2023-08-10,27,17,6,1,73,51,124,834863,584063,34915,3661,2966042
2023-08-11,27,19,8,1,83,55,138,749894,631056,71491,3523,3522202
2023-08-12,18,19,3,3,89,43,132,494520,764434,39865,6486,4107095
2023-08-13,24,24,9,3,79,60,139,700181,831327,26739,3705,3584557
2023-08-14,30,19,3,3,76,55,131,758504,668140,8468,7375,3079828
2023-08-15,21,13,2,2,50,38,88,577046,255884,10299,6870,2176198
2023-08-16,18,22,9,4,68,53,121,579712,566135,46655,4018,2588348
2023-08-17,16,15,2,1,66,34,100,421264,318277,25221,0,2826402
2023-08-18,17,21,9,3,74,50,124,734585,673248,68453,7210,3783013
2023-08-19,17,20,7,4,77,48,125,408426,1172830,20430,4936,3579655
2023-08-20,28,18,3,2,74,51,125,661291,912392,11067,4482,3781747
2023-08-21,20,9,4,3,57,36,93,444818,301000,14910,5114,2779080
2023-08-22,21,13,3,4,74,41,115,696267,830993,4560,3257,3252371
2023-08-23,15,16,2,7,52,40,92,496828,700425,24181,24744,2877438
2023-08-24,11,4,0,0,29,15,44,216571,429600,0,0,2171189
2023-08-25,26,22,6,1,58,55,113,783686,652728,26346,0,2245226
2023-08-26,15,12,7,3,65,37,102,347159,492534,13182,5118,3320936
2023-08-27,23,20,8,1,59,52,111,615275,626403,17570,2680,1910172
2023-08-28,30,20,3,2,74,55,129,860900,634688,3386,0,3633623
2023-08-29,27,11,4,1,79,43,122,807808,534386,12472,0,2519718
2023-08-30,16,17,7,1,53,41,94,434883,640009,37488,5617,2242978
2023-08-31,13,13,5,1,44,32,76,328002,395739,10157,0,1814292
2023-09-01,11,14,3,2,35,30,65,420271,566909,10301,0,1256677
2023-09-02,8,14,2,2,30,26,56,165892,396565,0,0,2046525
2023-09-03,12,16,4,3,67,35,102,323640,863994,20917,0,2749574
2023-09-04,6,12,4,0,62,22,84,243894,451593,11051,0,2467161
2023-09-05,26,18,8,0,73,52,125,801000,485002,48834,0,3342639
2023-09-06,23,16,10,1,82,50,132,536455,543321,68166,0,3994780
2023-09-07,19,19,7,8,77,53,130,574260,466208,23665,23455,3705777
2023-09-08,20,16,6,1,80,43,123,705667,601259,24245,5185,3566045
2023-09-09,13,12,2,3,62,30,92,297168,579154,7762,2049,2836321
2023-09-10,16,12,1,2,56,31,87,346322,738006,14595,4169,2150468
2023-09-11,27,24,6,1,53,58,111,754560,963775,45574,0,3501939
2023-09-12,12,19,6,2,46,39,85,394696,451590,12260,0,1740118
2023-09-13,20,21,4,3,79,48,127,457470,528611,13692,7064,3557952
2023-09-14,20,19,4,4,94,47,141,387725,519132,24674,0,5018863
2023-09-15,18,18,3,1,59,40,99,479281,850978,24218,0,1764500
2023-09-16,18,17,5,5,52,45,97,409013,738074,31727,12026,2290475
2023-09-17,14,14,5,2,53,35,88,346728,495495,34426,0,2281987
2023-09-18,19,20,3,4,77,46,123,617605,861817,8088,11813,3387634
2023-09-19,21,23,2,2,73,48,121,622016,397142,5750,10236,3432396
2023-09-20,27,18,5,1,73,51,124,829157,802126,44364,2427,4234171
2023-09-21,18,21,5,4,62,48,110,464539,926207,42647,11302,1919939
2023-09-22,8,9,2,4,49,23,72,370267,344784,6525,12991,1747663
2023-09-23,12,14,5,2,51,33,84,370534,550382,9368,3414,2289506
2023-09-24,19,10,0,0,55,29,84,446052,302829,0,0,2239462
2023-09-25,16,10,5,2,58,33,91,416859,296288,47942,4013,2946230
2023-09-26,13,9,6,2,57,30,87,428188,187734,22887,2035,2294702
2023-09-27,22,26,6,5,76,59,135,678658,525686,25368,7828,3395128
2023-09-28,21,20,4,2,60,47,107,681556,481372,6446,3104,2523881
2023-09-29,23,18,11,3,84,55,139,672728,707469,49538,3431,3281975
2023-09-30,15,20,11,3,61,49,110,429438,670728,52139,11963,2595484
2023-10-01,17,24,5,2,75,48,123,467652,849168,11964,0,3034634
2023-10-02,15,15,2,3,48,35,83,448696,508811,6748,0,2709561
2023-10-03,16,13,4,3,63,36,99,595534,570789,13883,6049,3268028
2023-10-04,15,9,4,2,57,30,87,500876,250713,24136,6035,2407648
2023-10-05,22,16,8,3,82,49,131,494671,410492,47362,4880,3212601
2023-10-06,18,15,10,3,91,46,137,467748,458626,74884,8161,4314111
2023-10-07,19,20,9,1,58,49,107,563512,1221163,42696,0,2688339
2023-10-08,15,15,5,5,84,40,124,268151,553183,4920,8188,3452036
2023-10-09,21,22,5,2,74,50,124,658229,625746,18655,2236,3753567
2023-10-10,14,11,2,0,45,27,72,481117,573881,8013,0,2633335
2023-10-11,14,16,5,4,56,39,95,188401,440270,19512,9722,2519862
2023-10-12,12,20,3,0,48,35,83,335792,486390,11771,0,2178623
2023-10-13,24,6,10,3,60,43,103,777150,144943,47189,5042,1844039
2023-10-14,24,12,10,3,63,49,112,936820,414498,29175,9884,3425232
2023-10-15,18,16,7,4,69,45,114,550767,407287,25395,13290,3876657
2023-10-16,25,23,1,1,55,50,105,896535,585629,0,0,2656976
2023-10-17,14,13,2,2,49,31,80,437684,331069,5011,5042,1207586
2023-10-18,6,10,1,1,38,18,56,221829,332773,6925,4318,3043765
2023-10-19,20,20,5,2,59,47,106,643218,710740,32649,13538,4219257
2023-10-20,22,18,5,1,74,46,120,609749,674987,12283,0,3177047
2023-10-21,13,21,6,3,61,43,104,446542,764066,32486,8284,2474071
2023-10-22,19,17,5,4,41,45,86,588880,489663,17621,17007,2351101
2023-10-23,15,15,6,1,57,37,94,568540,571599,44943,6492,2272067
2023-10-24,19,13,6,3,57,41,98,625426,494345,34568,9097,2269760
2023-10-25,21,13,6,6,55,46,101,644118,570908,17655,11490,2329104
2023-10-26,13,9,4,2,41,28,69,215259,346203,20119,0,894073
2023-10-27,12,22,2,4,47,40,87,294324,1003781,18354,0,1944925
2023-10-28,8,19,4,5,39,36,75,283744,796650,40694,4912,1655734
2023-10-29,11,13,5,2,34,31,65,392335,542026,40719,4008,2055946
2023-10-30,16,26,3,3,84,48,132,725962,1083195,8235,4008,3765395
2023-10-31,17,24,2,3,68,46,114,467671,966011,8528,6326,3627066
2023-11-01,18,13,6,2,72,39,111,453024,555613,14256,4189,2527510
2023-11-02,15,12,2,3,52,32,84,433828,260495,1177,4912,1664167
2023-11-03,13,12,4,1,56,30,86,385662,569794,13093,0,2126743
2023-11-04,10,13,6,0,22,29,51,489960,773220,12987,0,1292319
2023-11-05,8,16,5,1,46,30,76,254362,610752,28793,8665,2077133
2023-11-06,8,5,3,0,29,16,45,332337,162524,3902,0,2076666
2023-11-07,13,9,2,1,32,25,57,333636,297062,2833,0,1014890
2023-11-08,8,16,4,2,46,30,76,316392,560760,20271,2880,2364394
2023-11-09,9,7,4,4,41,24,65,170875,96774,17613,3669,2264850
2023-11-10,19,19,4,2,59,44,103,409840,579639,14338,1111,2799288
2023-11-11,13,19,5,3,81,40,121,391445,401628,72525,6709,3672758
2023-11-12,15,22,7,3,77,47,124,346951,425532,15179,0,3107665
2023-11-13,19,21,6,3,77,49,126,530816,612130,12671,1377,2365075
2023-11-14,18,14,4,3,74,39,113,541440,401269,19074,2513,4192408
2023-11-15,9,17,3,1,48,30,78,328778,656899,15039,1910,1464002
2023-11-16,11,17,2,4,38,34,72,438357,540165,9188,1910,2592078
2023-11-17,15,18,1,0,48,34,82,523280,546384,4725,0,2534031
2023-11-18,12,14,7,0,56,33,89,258013,466293,34409,0,2292145
2023-11-19,11,17,4,4,34,36,70,369460,550262,33625,9670,1278090
2023-11-20,10,14,1,2,49,27,76,281654,636830,14964,0,1442930
2023-11-21,10,12,3,3,49,28,77,493406,639817,15943,15062,2160121
2023-11-22,9,15,1,2,43,27,70,284181,693286,23084,0,1223317
2023-11-23,11,7,3,1,28,22,50,276714,142875,52646,0,937892
2023-11-24,11,17,3,2,52,33,85,279447,654008,35447,6349,1779344
2023-11-25,12,11,4,0,44,27,71,397825,500237,12002,0,2336066
2023-11-26,8,8,2,0,52,18,70,275452,245918,1932,0,3577174
2023-11-27,10,8,4,2,39,24,63,416888,263721,1958,0,2616653
2023-11-28,13,11,3,1,47,28,75,365037,290219,9196,4409,2655951
2023-11-29,15,16,3,3,48,37,85,398185,525795,20079,12243,2639475
2023-11-30,7,10,1,1,47,19,66,212474,370069,0,0,2070994
2023-12-01,12,7,2,3,34,24,58,324249,50589,3537,2231,1831329
2023-12-02,8,8,2,2,32,20,52,226503,408124,1574,11994,1908841
2023-12-03,13,21,6,1,68,41,109,537233,770836,55100,0,3871351
2023-12-04,10,25,5,4,61,44,105,275133,907911,41572,5678,2794981
2023-12-05,16,11,6,4,63,37,100,412440,357522,18060,10660,3046375
2023-12-06,22,5,5,3,61,35,96,572872,141431,27620,4318,2417967
2023-12-07,18,17,2,3,57,40,97,439501,619282,20129,3160,3552027
2023-12-08,8,9,2,0,30,19,49,286330,288588,8956,0,703313
2023-12-09,10,9,2,1,39,22,61,246487,189276,4533,0,2318097
2023-12-10,9,21,3,3,56,36,92,284664,587737,7483,6292,1474713
2023-12-11,15,11,3,1,52,30,82,660041,437531,14185,3164,1818775
2023-12-12,10,16,3,3,58,32,90,276370,823631,15829,4013,2297669
2023-12-13,9,17,5,3,41,34,75,242549,511868,16993,7417,1085290
2023-12-14,11,13,6,5,41,35,76,212772,608220,35689,12007,2238260
2023-12-15,13,11,2,2,53,28,81,472991,304867,6258,1215,2455996
2023-12-16,10,10,2,1,26,23,49,225374,337487,20509,0,1359534
2023-12-17,9,10,4,3,36,26,62,264683,361109,35151,5373,1775413
2023-12-18,14,8,4,3,42,29,71,553475,346134,19123,13545,1970018
2023-12-19,9,14,2,3,39,28,67,293416,492698,3352,1215,726558
2023-12-20,9,22,4,2,56,37,93,173360,732075,13180,6311,2422926
2023-12-21,16,18,5,3,38,42,80,528537,690257,12933,1721,1634620
2023-12-22,12,13,8,0,35,33,68,404182,430878,18523,0,1289960
2023-12-23,12,10,5,3,64,30,94,354100,411666,18878,6492,2544820
2023-12-24,11,18,7,2,47,38,85,411683,878493,24505,0,2283897
2023-12-25,9,15,9,2,58,35,93,236664,663781,33023,3339,3263118
2023-12-26,7,8,3,1,45,19,64,252266,185958,22476,4758,2694782
2023-12-27,19,15,2,1,58,37,95,446939,796206,6185,0,2169194
2023-12-28,18,13,4,2,64,37,101,446593,496873,45001,0,3076405
2023-12-29,10,10,4,1,36,25,61,403356,264464,39997,0,1929778
2023-12-30,9,13,3,1,36,26,62,318733,391700,23775,4660,2020779
2023-12-31,14,11,0,0,50,25,75,313262,256764,0,0,2907125
2024-01-01,5,14,2,3,52,24,76,131829,381548,2344,6096,2652578
2024-01-02,10,14,4,5,57,33,90,276922,674971,24095,5707,2557152
2024-01-03,17,17,5,3,44,42,86,340465,817395,28319,0,3246564
2024-01-04,10,19,6,3,52,38,90,397610,620986,27007,9077,2229185
2024-01-05,11,15,7,2,63,35,98,176142,474783,37247,1535,2717910
2024-01-06,16,14,3,2,57,35,92,365852,404427,14806,7307,2820336
2024-01-07,13,13,4,1,49,31,80,325535,440914,30594,8328,2670911
2024-01-08,10,15,5,3,49,33,82,209521,711764,44648,3820,1900380
2024-01-09,5,10,2,1,40,18,58,78263,341439,15553,8328,1746332
2024-01-10,12,12,2,2,44,28,72,351222,729390,4627,0,1180786
2024-01-11,10,9,7,3,62,29,91,258414,353324,26521,3777,3503009
2024-01-12,9,13,5,3,58,30,88,187391,433887,29533,2247,2302529
2024-01-13,14,12,6,0,52,32,84,519424,336277,29049,0,2379437
2024-01-14,14,17,6,1,61,38,99,409723,541044,32877,0,2255799
2024-01-15,16,21,6,3,80,46,126,515894,639333,27732,2192,4839313
2024-01-16,20,13,5,4,64,42,106,432763,697551,24709,6509,3115056
2024-01-17,21,9,5,4,55,39,94,465344,393027,25811,12117,3020521
2024-01-18,12,10,4,2,49,28,77,230055,233417,17727,11441,1386796
2024-01-19,15,17,4,3,44,39,83,358135,674413,8907,3825,1830843
2024-01-20,18,23,4,2,59,47,106,450741,956122,18258,4452,1706463
2024-01-21,13,13,2,3,56,31,87,638750,256020,2212,6797,1971989
2024-01-22,18,13,5,4,52,40,92,675029,532152,33806,17290,2575217
2024-01-23,20,24,6,4,57,54,111,661170,804544,7253,8823,2519141
2024-01-24,17,14,8,4,64,43,107,519170,478459,27820,4013,3030528
2024-01-25,12,6,5,2,39,25,64,504129,272213,9504,4184,2303084
2024-01-26,17,10,8,3,61,38,99,533151,263142,55225,2553,2164295
2024-01-27,10,17,4,2,47,33,80,339966,610179,31246,6429,2884455
2024-01-28,17,19,12,5,44,53,97,316417,455703,57035,12120,2435870
2024-01-29,12,21,4,2,40,39,79,402186,631704,21545,8854,2742152
2024-01-30,11,15,4,2,43,32,75,282258,386580,20024,8817,2489222
2024-01-31,14,15,0,3,58,32,90,527321,821684,0,17531,2211268
2024-02-01,18,15,4,3,55,40,95,422665,517319,5149,0,3162567
2024-02-02,11,17,3,3,44,34,78,275952,525371,2125,9849,3422820
2024-02-03,19,17,3,1,38,40,78,609083,400194,10754,2106,1881067
2024-02-04,17,18,3,0,40,38,78,589835,366202,17837,0,2551326
2024-02-05,10,13,3,2,51,28,79,260547,189664,25078,3414,2479224
2024-02-06,14,14,1,2,31,31,62,305926,360656,0,5617,1251600
2024-02-07,18,17,4,1,54,40,94,387624,625763,8224,6492,2050265
2024-02-08,16,15,3,2,58,36,94,360793,253068,11475,6755,2524994
2024-02-09,20,15,2,3,44,40,84,736657,556854,19210,10875,1190470
2024-02-10,15,18,3,1,56,37,93,541171,765628,32103,0,3008870
2024-02-11,13,17,3,2,57,35,92,421194,655068,43843,4189,2823538
2024-02-12,13,14,6,1,56,34,90,329965,546974,54331,0,2072148
2024-02-13,14,13,6,3,46,36,82,416025,563027,32664,7281,2601106
2024-02-14,16,7,5,2,54,30,84,385690,429155,29790,0,2734260
2024-02-15,17,18,4,3,62,42,104,581809,634654,30397,6272,2530926
2024-02-16,13,19,2,2,65,36,101,424970,747594,5894,4870,3476028
2024-02-17,11,7,4,0,38,22,60,369560,253276,35964,0,2467847
2024-02-18,17,11,0,4,44,32,76,452962,316205,0,8140,2109851
2024-02-19,15,6,5,2,44,28,72,430260,166027,60523,2936,2554722
2024-02-20,6,17,3,2,42,28,70,136369,554020,26410,5623,1633100
2024-02-21,10,18,4,1,48,33,81,319903,695782,20934,0,2577806
2024-02-22,11,9,2,3,38,25,63,376447,212210,9485,4912,1981681
2024-02-23,16,13,4,2,36,35,71,483530,445931,25409,2809,1493624
2024-02-24,14,15,2,1,58,32,90,460662,528341,5682,10117,3024910
2024-02-25,12,9,1,2,44,24,68,206577,280825,31702,0,1771153
2024-02-26,16,20,2,2,53,40,93,262948,631139,40014,5263,2749882
2024-02-27,8,13,4,2,49,27,76,297887,565517,30665,10327,1869005
2024-02-28,16,20,3,2,52,41,93,409878,1060632,7047,0,1288865
2024-02-29,23,15,5,0,45,43,88,623109,572426,8500,0,1716145
2024-03-01,24,16,0,2,48,42,90,558271,516142,0,0,3043725
2024-03-02,14,13,4,4,42,35,77,431965,638658,13230,8423,1553743
2024-03-03,15,18,7,5,69,45,114,489776,873524,27318,17062,3374892
2024-03-04,12,12,4,3,72,31,103,521399,530861,14268,4013,3676369
2024-03-05,14,9,5,2,53,30,83,327296,408818,14384,8428,2359655
2024-03-06,9,12,2,2,35,25,60,391620,469989,0,7222,1779453
2024-03-07,15,16,6,3,50,40,90,414657,592028,15023,3097,2056671
2024-03-08,19,18,6,2,67,45,112,457094,599266,20430,0,3121047
2024-03-09,11,10,2,3,43,26,69,472390,245605,3459,3257,1748532
2024-03-10,17,13,4,1,45,35,80,477064,495505,21467,3257,2642858
2024-03-11,16,22,3,2,69,43,112,360497,487977,20541,7845,2715201
2024-03-12,19,18,7,6,79,50,129,666738,603839,48513,3354,3435584
2024-03-13,20,13,5,4,52,42,94,721784,549076,14448,7573,2634960
2024-03-14,10,11,2,1,45,24,69,240540,452668,2560,3806,2640966
2024-03-15,17,23,5,4,70,49,119,431150,778621,21670,5636,3628514
2024-03-16,28,23,9,2,89,62,151,726073,974706,24954,6715,4950944
2024-03-17,18,21,8,2,82,49,131,446159,773669,27227,9668,3824417
2024-03-18,24,26,7,2,69,59,128,840203,1011250,59530,3321,2547219
2024-03-19,23,16,6,7,53,52,105,639662,522930,47002,23471,3168961
2024-03-20,18,17,4,4,60,43,103,631297,892987,20624,7888,4222015
2024-03-21,19,16,2,3,62,40,102,586001,455547,6706,7692,2537288
2024-03-22,21,20,4,2,70,47,117,421929,921866,61120,3699,3029540
2024-03-23,15,29,8,4,64,56,120,484278,1063718,51622,0,2874292
2024-03-24,20,20,5,1,69,46,115,583843,664586,13123,0,2563076
2024-03-25,15,22,6,2,65,45,110,420737,817048,26147,6104,3602003
2024-03-26,22,12,4,2,57,40,97,661439,435840,30164,6104,1805901
2024-03-27,18,13,6,7,65,44,109,521171,339177,26146,19881,2996646
2024-03-28,16,13,7,2,65,38,103,527904,462946,29128,7281,2800927
2024-03-29,13,16,5,1,80,35,115,416527,602166,19617,6429,5677550
2024-03-30,18,21,7,1,65,47,112,490788,1067680,23158,3455,4450671
2024-03-31,17,18,4,3,85,42,127,408860,831351,1975,0,4492703
2024-04-01,18,16,5,4,69,43,112,512296,472615,11546,11330,2462421
2024-04-02,13,23,2,6,54,44,98,437881,933803,17706,4318,2451059
2024-04-03,19,16,6,1,59,42,101,676820,666837,23685,0,2709860
2024-04-04,13,6,6,2,58,27,85,294080,193974,23890,0,2196270
2024-04-05,12,15,7,3,53,37,90,252364,433585,46327,6426,2524839
2024-04-06,20,32,3,2,77,57,134,323991,1214937,6764,7672,4321109
2024-04-07,21,17,4,1,57,43,100,435016,522763,1921,0,2999441
2024-04-08,20,22,9,7,77,58,135,469002,917888,24792,11729,2742900
2024-04-09,13,14,9,3,70,39,109,368128,649733,34079,0,3011057
2024-04-10,20,22,4,1,76,47,123,710257,842422,33159,1988,3512303
2024-04-11,18,19,6,5,73,48,121,560650,731610,26366,8459,3023112
2024-04-12,23,10,4,2,45,39,84,555529,285868,57906,0,1695516
2024-04-13,19,18,2,1,75,40,115,306765,811163,9314,0,3459494
2024-04-14,16,21,5,3,76,45,121,361599,838838,12496,3398,4218705
2024-04-15,10,22,6,6,65,44,109,214811,830198,13113,13099,3393840
2024-04-16,14,15,3,7,55,39,94,306629,435412,8683,16922,3351360
2024-04-17,13,13,4,1,50,31,81,348704,425994,28109,4621,1619583
2024-04-18,10,18,0,4,62,32,94,168902,619560,0,26572,2236310
2024-04-19,12,12,1,1,49,26,75,462449,342463,0,0,2537049
2024-04-20,18,22,6,0,76,46,122,420119,898223,40456,0,3640682
2024-04-21,21,18,6,1,77,46,123,607595,528842,46411,3777,3828095
2024-04-22,8,19,7,3,71,37,108,190215,618058,23563,3699,3007034
2024-04-23,20,25,8,2,84,55,139,482754,1131696,18029,0,3323937
2024-04-24,22,15,4,3,62,44,106,784785,540747,14173,0,2979537
2024-04-25,15,14,4,4,46,37,83,435991,686882,13750,12180,2623240
2024-04-26,24,20,1,3,61,48,109,694169,700327,20304,9650,2890869
2024-04-27,19,19,1,3,79,42,121,537317,492404,20304,0,2651484
2024-04-28,6,17,2,3,53,28,81,252136,856014,471,5133,2908460
2024-04-29,18,19,3,3,54,43,97,361695,752179,19041,11963,1957761
2024-04-30,26,26,5,6,83,63,146,681254,1059502,26039,4766,2974952
2024-05-01,16,17,2,5,57,40,97,422868,827718,7694,19283,2910338
2024-05-02,17,14,4,0,48,35,83,416825,577991,13373,0,1802353
2024-05-03,18,14,3,2,57,37,94,462614,586435,10861,2181,2631772
2024-05-04,12,13,6,3,74,34,108,350842,514264,38838,7212,3240224
2024-05-05,21,16,3,2,76,42,118,502269,432839,25519,4318,4149172
2024-05-06,27,14,9,1,74,51,125,804057,393868,45339,0,3963821
2024-05-07,18,21,6,5,78,50,128,538911,933097,40886,15227,4073059
2024-05-08,16,19,3,4,51,42,93,406366,581935,3136,4125,2236449
2024-05-09,15,25,9,1,72,50,122,444404,744882,39870,0,3539913
2024-05-10,16,22,4,6,52,48,100,529103,545857,15471,15349,3671197
2024-05-11,16,17,8,3,58,44,102,224813,633686,28384,5568,2354442
2024-05-12,23,23,7,1,68,54,122,511326,1055848,58640,4912,1937216
2024-05-13,21,24,7,3,92,55,147,608708,635329,43383,9933,5919231
2024-05-14,17,19,7,2,66,45,111,547256,544503,29869,4161,3113333
2024-05-15,25,21,9,5,79,60,139,780758,627584,30573,9391,3277892
2024-05-16,20,22,5,7,79,54,133,568685,943691,19145,10797,2899266
2024-05-17,16,22,3,2,73,43,116,413479,970827,22611,6194,3299871
2024-05-18,15,14,3,2,41,34,75,364522,542570,16930,4505,1720500
2024-05-19,19,22,3,3,72,47,119,631334,738888,29674,9886,3490721
2024-05-20,18,13,2,3,49,36,85,617359,480889,7862,13758,3198293
2024-05-21,20,20,5,2,76,47,123,639976,910568,18847,3847,3484309
2024-05-22,18,26,6,0,68,50,118,297156,1080050,11332,0,2373638
2024-05-23,20,19,6,4,80,49,129,472551,815045,29300,2774,3961350
2024-05-24,16,24,6,3,59,49,108,475782,1015155,70584,2774,3041089
2024-05-25,19,15,7,1,59,42,101,540230,665568,57708,0,2156888
2024-05-26,26,18,4,3,85,51,136,783526,688571,29455,6963,2305855
2024-05-27,22,19,6,3,81,50,131,632409,771985,23289,10225,5099593
2024-05-28,21,23,7,6,83,57,140,606743,769192,18033,21316,4485330
2024-05-29,19,21,10,5,74,55,129,537416,725510,67898,3782,3173260
2024-05-30,14,13,8,3,50,38,88,343008,466603,17770,0,1598907
2024-05-31,13,18,8,6,64,45,109,390702,701356,18958,17737,3468196
2024-06-01,16,14,2,1,54,33,87,421732,485587,860,0,2372436
2024-06-02,20,22,4,2,94,48,142,423372,1008851,21767,0,4107539
2024-06-03,19,22,5,3,78,49,127,531509,652271,12345,3932,3780277
2024-06-04,25,17,6,4,79,52,131,815475,544351,30708,18390,3901804
2024-06-05,23,13,4,3,55,43,98,758555,541345,21452,0,2577887
2024-06-06,19,18,5,5,49,47,96,484492,362419,20319,13711,2502000
2024-06-07,15,15,4,1,52,35,87,479293,548533,47556,1111,1746983
2024-06-08,13,10,2,2,57,27,84,279191,425041,5169,1111,3003782
2024-06-09,13,12,2,1,48,28,76,268585,474164,1099,0,2231180
2024-06-10,27,27,6,2,73,62,135,562149,1023954,27766,0,2616205
2024-06-11,11,20,5,3,54,39,93,207562,276904,12678,8335,2601504
2024-06-12,21,12,8,4,46,45,91,654442,509303,48766,0,2242930
2024-06-13,31,17,5,5,48,58,106,852101,626292,64459,0,2105614
2024-06-14,20,23,4,6,68,53,121,457048,855175,8735,2374,3705727
2024-06-15,16,27,9,6,76,58,134,472777,1031727,43709,21558,3279054
2024-06-16,17,20,10,4,73,51,124,411230,693084,79290,14123,3415474
2024-06-17,19,15,4,3,75,41,116,793373,710823,37581,0,2805607
2024-06-18,29,12,5,4,49,50,99,814134,480560,11779,10843,2121829
2024-06-19,24,26,3,3,81,56,137,599022,772614,12711,10843,4313882
2024-06-20,11,23,2,4,53,40,93,215758,745611,22890,11067,2147311
2024-06-21,14,12,3,6,62,35,97,484673,504797,38658,21624,2622541
2024-06-22,21,24,5,3,70,53,123,589601,560787,6944,5486,3670308
2024-06-23,28,21,3,3,67,55,122,601470,600634,4070,8270,3024131
2024-06-24,24,29,3,3,76,59,135,598683,1187192,27377,8226,3780486
2024-06-25,14,19,2,3,67,38,105,410071,660440,20913,3390,3033206
2024-06-26,20,24,4,4,73,52,125,426803,838658,12923,3390,3330282
2024-06-27,22,18,7,3,90,50,140,585913,766957,25635,7224,3185011
2024-06-28,22,9,8,4,76,43,119,565348,325992,36411,6638,3984124
2024-06-29,13,14,1,1,49,29,78,382055,533568,721,2127,1705541
2024-06-30,15,12,6,1,61,34,95,437833,518419,14577,6817,3282626
2024-07-01,23,14,4,2,45,43,88,626940,552862,21093,5047,1700369
2024-07-02,14,14,2,3,47,33,80,330309,406065,16870,12397,1752264
2024-07-03,20,23,4,4,77,51,128,581976,773594,21166,0,3117349
2024-07-04,18,15,9,2,89,44,133,498487,637760,51632,6759,2770643
2024-07-05,19,20,6,3,66,48,114,445704,970326,18238,11435,2540674
2024-07-06,26,20,7,5,73,58,131,684455,649774,31992,14837,3763535
2024-07-07,21,11,6,4,85,42,127,356171,354709,12474,5787,4795577
2024-07-08,29,15,4,2,79,50,129,757392,687588,57120,0,3082240
2024-07-09,33,21,5,7,91,66,157,839821,761414,7272,13328,4681992
2024-07-10,27,13,6,6,75,52,127,547743,394226,30012,10526,3176211
2024-07-11,27,28,8,4,80,67,147,804280,1029592,34852,21252,3233010
2024-07-12,24,19,9,4,74,56,130,692564,957235,22177,12427,3192456
2024-07-13,24,23,10,3,72,60,132,619913,573979,63191,10046,2973063
2024-07-14,21,18,8,4,82,51,133,420656,466777,35964,15814,4528991
2024-07-15,13,18,10,3,81,44,125,279697,766281,39172,4773,3000541
2024-07-16,21,19,9,6,84,55,139,487597,518454,59231,14093,3014351
2024-07-17,19,27,10,5,78,61,139,492235,879637,67028,12309,4655091
2024-07-18,11,9,8,1,40,29,69,201696,288525,77553,0,2360122
2024-07-19,17,13,5,0,62,35,97,322761,558359,43897,0,3594949
2024-07-20,21,20,4,2,66,47,113,508382,823922,26229,0,1801528
2024-07-21,19,20,6,3,73,48,121,650009,839417,21920,0,4204074
2024-07-22,17,13,6,0,54,36,90,624422,469716,45142,0,2542658
2024-07-23,19,17,2,1,54,39,93,644268,612284,5010,0,2865364
2024-07-24,16,10,4,4,51,34,85,495454,452464,9707,10777,2678556
2024-07-25,15,16,5,6,71,42,113,458377,321290,47122,15496,3828984
2024-07-26,18,11,6,5,58,40,98,453111,353074,19184,14254,3375894
2024-07-27,18,7,3,7,67,35,102,659595,181380,9069,22432,3042355
2024-07-28,22,19,4,2,64,47,111,570082,715874,8701,0,3467467
2024-07-29,19,19,6,4,78,48,126,639967,726491,43765,13188,3620688
2024-07-30,21,23,5,3,68,52,120,611627,824543,11374,12503,2927615
2024-07-31,20,13,5,3,76,41,117,579168,430081,26399,5354,3125784
2024-08-01,20,16,7,7,61,50,111,468385,399253,28799,11446,2545278
2024-08-02,9,13,2,2,59,26,85,262403,561790,1799,5247,2890402
2024-08-03,18,18,4,3,50,43,93,399618,629177,17045,6867,2343051
2024-08-04,23,16,6,6,68,51,119,616356,399588,6382,13847,2695198
2024-08-05,22,20,5,3,58,50,108,650055,822959,33373,10269,2760264
2024-08-06,13,10,3,3,50,29,79,416802,252863,30392,3371,2171109
2024-08-07,10,9,1,2,39,22,61,263680,190336,6942,13246,1817751
2024-08-08,17,13,1,4,66,35,101,454083,870767,4725,6092,3186082
2024-08-09,13,22,7,3,65,45,110,297279,843755,33102,4577,3203153
2024-08-10,20,19,7,1,51,47,98,512504,858055,40348,3926,2719334
2024-08-11,25,22,3,2,70,52,122,564197,610992,44945,11494,3685303
2024-08-12,14,20,7,4,78,45,123,347680,693857,48196,2998,2680540
2024-08-13,13,11,7,2,47,33,80,480413,267269,59335,6010,2653762
2024-08-14,16,10,5,1,40,32,72,462728,418231,21653,0,2712198
2024-08-15,12,1,1,3,30,17,47,342034,59512,5072,3818,1751917
2024-08-16,16,12,6,2,39,36,75,629210,391824,45916,4091,1751954
2024-08-17,9,15,2,2,48,28,76,161764,396720,36903,0,3342427
2024-08-18,14,7,0,1,45,22,67,417513,184008,0,4563,2103196
2024-08-19,17,13,3,1,42,34,76,349471,501385,15242,0,1509927
2024-08-20,18,13,1,0,39,32,71,377106,728359,0,0,2582693
2024-08-21,15,13,6,1,47,35,82,362121,375706,9389,0,2428978
2024-08-22,25,16,7,3,49,51,100,752440,595473,87476,0,1615910
2024-08-23,27,17,4,6,46,54,100,802014,607930,18937,9761,2721198
2024-08-24,17,13,3,1,66,34,100,563596,434809,17969,0,2681160
2024-08-25,16,21,8,4,69,49,118,383642,992111,34968,0,3463562
2024-08-26,21,22,10,5,80,58,138,640915,697763,46094,7274,3500190
2024-08-27,24,7,3,2,67,36,103,621289,288857,13236,6652,2135125
2024-08-28,13,16,2,3,50,34,84,335304,697998,31319,0,2665125
2024-08-29,18,14,2,3,64,37,101,475972,312923,1620,0,2090686
2024-08-30,17,20,2,2,57,41,98,309905,838036,1128,1801,1970641
2024-08-31,15,19,7,1,64,42,106,163665,546220,22845,0,2546253
2024-09-01,26,15,4,3,53,48,101,541522,636763,32332,11087,2111323
2024-09-02,18,19,4,5,67,46,113,489070,628810,20283,19366,3114861
2024-09-03,23,13,7,5,67,48,115,579794,443450,29453,18703,3707625
2024-09-04,19,17,3,3,70,42,112,488162,430956,5940,7814,3316344
2024-09-05,20,15,2,2,65,39,104,548636,495502,5009,6313,3492996
2024-09-06,27,17,5,4,70,53,123,787098,811190,17048,8651,3945465
2024-09-07,8,10,3,3,55,24,79,276481,525282,4516,3558,1299582
2024-09-08,15,16,0,1,36,32,68,483918,1009004,0,0,1246355
2024-09-09,16,15,4,4,61,39,100,406623,540417,20504,2452,3175676
2024-09-10,24,24,10,4,76,62,138,755812,993222,89554,6149,3673345
2024-09-11,18,21,10,4,71,53,124,318252,894080,46458,3317,3994481
2024-09-12,20,25,4,2,64,51,115,505096,1291811,9544,0,2543213
2024-09-13,20,21,3,4,58,48,106,506584,897911,16225,7603,1530300
2024-09-14,20,19,4,3,62,46,108,559592,529291,12929,7109,2467647
2024-09-15,13,7,7,4,33,31,64,408928,311948,28319,14098,1460630
2024-09-16,21,15,7,2,61,45,106,575330,464504,40567,7753,3088664
2024-09-17,20,13,10,4,46,47,93,444864,620013,45059,6237,1780654
2024-09-18,19,19,6,2,56,46,102,354498,817923,29692,2817,4062403
2024-09-19,16,12,6,3,66,37,103,486080,293893,60885,5251,3637770
2024-09-20,17,12,4,3,60,36,96,423124,376645,37965,0,1920381
2024-09-21,16,15,10,2,61,43,104,376236,581543,90660,4470,2364983
2024-09-22,17,16,9,3,53,45,98,338211,473097,21072,5042,2194264
2024-09-23,13,7,3,3,54,26,80,314467,374634,14100,4262,3479178
2024-09-24,15,10,4,6,56,35,91,585327,511519,13073,12380,2041537
2024-09-25,11,11,4,1,40,27,67,433716,504516,11343,0,2762883
2024-09-26,16,13,5,3,50,37,87,401610,329420,23467,10329,1713994
2024-09-27,25,16,8,6,43,55,98,708618,544233,70694,18021,1920975
2024-09-28,20,17,5,3,44,45,89,428005,669726,54763,4903,1340119
2024-09-29,18,22,3,0,52,43,95,372286,1133522,14775,0,3267740
2024-09-30,11,8,1,0,40,20,60,298813,506543,2398,0,2122718
2024-10-01,14,19,3,2,45,38,83,454142,678724,27893,8078,1845809
2024-10-02,27,20,7,6,59,60,119,700671,775989,47839,15752,2759995
2024-10-03,20,17,7,7,68,51,119,479103,681962,37682,2627,2217982
2024-10-04,20,13,4,1,58,38,96,563241,427577,39471,0,3261463
2024-10-05,14,13,0,5,48,32,80,373538,496920,0,12821,3158267
2024-10-06,11,6,5,1,34,23,57,237774,63649,8754,0,1909132
2024-10-07,15,19,5,2,63,41,104,434087,767918,18080,7032,3147431
2024-10-08,24,16,11,5,65,56,121,705517,546679,32175,7884,3057779
2024-10-09,19,16,8,3,44,46,90,351258,763315,11849,4505,1681085
2024-10-10,18,19,4,2,47,43,90,487580,894948,15756,4394,2160936
2024-10-11,17,10,5,2,52,34,86,353613,273625,30063,0,2063791
2024-10-12,23,13,4,4,50,44,94,515884,258878,14829,6056,2922762
2024-10-13,14,8,1,5,41,28,69,363946,527172,3523,6248,1485666
2024-10-14,18,14,4,3,50,39,89,499251,484689,12605,9005,2856860
2024-10-15,16,11,3,6,48,36,84,436980,546045,9979,17975,1473306
2024-10-16,17,9,6,1,52,33,85,484778,266245,21563,2743,1717560
2024-10-17,20,10,10,5,56,45,101,493476,163650,38274,17770,2068660
2024-10-18,14,13,6,1,52,34,86,454224,222241,42238,6736,3408583
2024-10-19,29,15,4,3,67,51,118,812140,376491,10689,4434,2629338
2024-10-20,27,24,3,5,63,59,122,709049,1071727,7961,10238,2545334
2024-10-21,17,12,4,4,55,37,92,223134,653449,42718,2504,1674631
2024-10-22,17,10,1,5,46,33,79,431301,651323,3391,13034,1954469
2024-10-23,19,11,3,4,43,37,80,466795,659602,26995,3796,2634847
2024-10-24,10,6,1,4,40,21,61,255626,325105,2093,11319,2031136
2024-10-25,19,16,5,5,68,45,113,490966,557980,7648,11758,3916053
2024-10-26,27,8,9,6,46,50,96,583272,243150,49812,5568,2446881
2024-10-27,23,17,3,5,61,48,109,643368,743594,61091,9443,2250346
2024-10-28,14,14,4,1,48,33,81,380062,588012,44132,6739,1628999
2024-10-29,16,12,6,6,42,40,82,429729,449813,31670,22949,1261246
2024-10-30,17,15,3,4,45,39,84,445363,569546,33022,1469,742883
2024-10-31,11,10,2,0,29,23,52,202812,334905,13786,0,959228
2024-11-01,22,11,8,0,55,41,96,594598,350490,19016,0,1985441
2024-11-02,14,14,7,3,51,38,89,180218,419617,20486,5911,2207188
2024-11-03,11,17,4,3,59,35,94,257319,738531,16344,5911,2657512
2024-11-04,21,13,9,5,53,48,101,675221,590407,39908,13532,2660950
2024-11-05,14,10,4,6,44,34,78,239577,371982,15523,4381,1909709
2024-11-06,25,17,3,2,61,47,108,626303,644784,12916,8078,3852482
2024-11-07,23,18,3,2,52,46,98,788394,582102,5092,2897,2988558
2024-11-08,20,13,2,1,36,36,72,664647,498966,853,0,1598119
2024-11-09,17,8,1,2,49,28,77,508581,328714,770,9651,1921029
2024-11-10,21,13,6,2,50,42,92,480209,525886,18431,0,2329919
2024-11-11,19,10,2,7,61,38,99,362935,208100,6389,12927,3484800
2024-11-12,15,19,5,5,59,44,103,472174,601742,18329,19858,3333357
2024-11-13,14,11,5,3,34,33,67,286830,314357,38573,7590,1420187
2024-11-14,18,10,7,5,45,40,85,483331,485394,18832,0,1907145
2024-11-15,12,15,4,1,39,32,71,439462,579931,17238,0,1373889
2024-11-16,14,11,3,0,32,28,60,333174,386051,14468,0,1551174
2024-11-17,22,14,1,3,36,40,76,362881,605245,7249,8065,1581361
2024-11-18,21,16,6,4,54,47,101,315052,464771,44795,18841,3143712
2024-11-19,11,8,10,3,37,32,69,228880,205513,87527,6680,1814003
2024-11-20,12,12,3,3,39,30,69,363744,455122,15614,2060,1697998
2024-11-21,10,16,1,0,32,27,59,188108,621049,8530,0,2600904
2024-11-22,23,16,5,4,43,48,91,627980,567471,18479,10451,1837346
2024-11-23,9,14,4,2,48,29,77,238202,502144,15611,2783,1702351
2024-11-24,13,9,4,1,33,27,60,287377,497863,23903,3784,834506
2024-11-25,12,11,3,7,38,33,71,176101,490430,10241,17222,2638101
2024-11-26,11,12,6,3,32,32,64,403218,474336,50500,2504,2181097
2024-11-27,10,8,2,2,34,22,56,247635,370418,28750,2940,1647715
2024-11-28,11,13,2,2,41,28,69,223320,466072,26032,9744,880462
2024-11-29,14,9,3,1,50,27,77,504714,567910,15868,0,1651464
2024-11-30,18,13,4,0,32,35,67,629758,522497,19098,0,1591526
2024-12-01,9,12,6,2,39,29,68,210067,579329,20886,3192,287064
2024-12-02,11,14,3,3,47,31,78,249862,303061,4704,3192,1816869
2024-12-03,15,10,3,1,21,29,50,386243,412307,4184,5707,491464
2024-12-04,16,11,2,1,40,30,70,419751,433692,15799,0,1375778
2024-12-05,8,11,3,2,30,24,54,128027,312898,37051,5228,1358820
2024-12-06,7,10,3,5,25,25,50,72435,237629,26578,8530,1004632
2024-12-07,8,11,3,1,33,23,56,178973,286844,32019,10184,1641862
2024-12-08,10,7,1,0,26,18,44,194826,180648,2093,0,830705
2024-12-09,13,12,5,1,32,31,63,358162,667849,24016,5951,1648631
2024-12-10,9,9,5,4,36,27,63,204665,411703,43452,10094,1611980
2024-12-11,13,9,7,3,39,32,71,316421,197989,24154,4886,1665606
2024-12-12,15,17,5,2,51,39,90,254695,789149,27286,0,2195337
2024-12-13,9,12,4,2,34,27,61,156798,381731,31394,4511,1835831
2024-12-14,11,9,4,0,34,24,58,346750,342433,11883,0,1627282
2024-12-15,14,14,8,0,41,36,77,448496,629151,5287,0,2463148
2024-12-16,13,10,3,3,49,29,78,330185,391852,18447,13562,2041656
2024-12-17,17,9,4,2,38,32,70,464170,205656,24156,2510,1192108
2024-12-18,7,6,0,3,21,16,37,141848,208127,0,5667,1482889
2024-12-19,15,6,0,4,42,25,67,336929,175248,0,8605,1209144
2024-12-20,14,7,2,4,54,27,81,565836,415993,15147,8605,1638616
2024-12-21,16,11,1,1,38,29,67,312488,463611,11224,0,1979180
2024-12-22,15,14,3,2,38,34,72,366502,808488,35732,14718,2376161
2024-12-23,10,7,7,2,34,26,60,326558,525503,19509,0,1282898
2024-12-24,12,12,5,2,31,31,62,311392,486222,39366,4709,936846
2024-12-25,15,16,5,8,31,44,75,284434,790629,28586,23059,1350125
2024-12-26,10,10,1,5,35,26,61,244545,472310,20437,22656,1276105
2024-12-27,14,13,1,2,38,30,68,205426,725342,2436,4074,1933372
2024-12-28,23,13,3,2,45,41,86,503627,476788,8215,0,2277920
2024-12-29,14,6,3,0,45,23,68,341425,280177,3413,0,2076179
2024-12-30,16,11,5,4,27,36,63,367571,488553,17874,8798,849004
2024-12-31,15,16,5,0,35,36,71,490329,661231,25838,0,1678052
2025-01-01,20,12,2,3,51,37,88,371466,315230,8762,5771,2351307
2025-01-02,13,9,2,5,26,29,55,411639,341475,7973,22594,1469954
2025-01-03,18,9,7,3,45,37,82,622901,237682,43667,13983,3038303
2025-01-04,18,14,5,2,48,39,87,666222,610153,36841,0,1621874
2025-01-05,13,8,4,1,45,26,71,378427,257066,35480,5411,1752372
2025-01-06,14,14,5,2,32,35,67,414357,560496,51121,5411,620856
2025-01-07,17,14,3,4,40,38,78,493558,644859,20448,6640,2096115
2025-01-08,21,14,2,3,36,40,76,458508,475298,13733,5158,1160485
2025-01-09,15,13,5,1,45,34,79,504094,491138,48578,0,1832266
2025-01-10,17,15,3,0,50,35,85,481973,306913,27095,0,2291835
2025-01-11,18,14,2,1,57,35,92,380488,408074,9208,3315,3317436
2025-01-12,19,13,4,6,64,42,106,437038,468630,9530,12287,3124955
2025-01-13,14,13,7,2,45,36,81,424737,511167,54387,8958,2127133
2025-01-14,15,13,9,6,38,43,81,465357,458093,33375,13084,1728676
2025-01-15,18,16,4,4,37,42,79,455629,617041,14839,9670,1981160
2025-01-16,21,8,5,3,51,37,88,606221,410836,27827,10452,2355638
2025-01-17,19,13,1,5,53,38,91,402665,611875,7404,15908,2814758
2025-01-18,18,12,4,4,51,38,89,403728,292268,9850,9779,2643122
2025-01-19,21,14,4,4,41,43,84,690855,555616,17854,5263,1258774
2025-01-20,21,12,3,3,49,39,88,596019,278227,20206,6132,1805317
2025-01-21,13,19,5,4,47,41,88,409413,613098,34361,12327,1656884
2025-01-22,13,13,3,1,45,30,75,306398,479839,1445,0,2269515
2025-01-23,15,13,4,0,49,32,81,421284,763810,10549,0,2079759
2025-01-24,20,20,0,3,42,43,85,542598,832268,0,3452,2169879
2025-01-25,16,18,3,3,59,40,99,329257,704608,10247,2743,2187162
2025-01-26,16,5,5,4,68,30,98,312667,193242,19238,12444,3170629
2025-01-27,21,16,2,0,47,39,86,707513,539032,12809,0,1103355
2025-01-28,15,7,1,6,44,29,73,436272,335968,3218,4346,1978312
2025-01-29,23,14,4,3,54,44,98,539097,523404,5561,5141,1834211
2025-01-30,18,19,2,5,53,44,97,489574,398034,5188,11357,2705647
2025-01-31,23,7,5,2,50,37,87,577247,158895,10654,4316,1630114
2025-02-01,15,17,4,0,39,36,75,360533,712947,23819,0,1674602
2025-02-02,12,10,3,1,50,26,76,411521,397215,13750,3705,1378171
2025-02-03,18,14,6,0,53,38,91,523889,730894,6978,0,2493210
2025-02-04,16,17,4,4,55,41,96,294361,659327,13862,1892,1865766
2025-02-05,17,10,4,4,47,35,82,405195,426703,27909,4758,1753702
2025-02-06,20,17,8,5,40,50,90,409443,676333,23889,12398,2256102
2025-02-07,14,12,7,2,33,35,68,333207,753961,26184,7897,1383643
2025-02-08,14,18,5,1,42,38,80,471470,781960,29986,0,1405240
2025-02-09,17,13,6,2,57,38,95,377268,242815,35788,0,1717641
2025-02-10,5,14,4,4,57,27,84,232590,581084,16262,8964,3078664
2025-02-11,20,14,8,7,61,49,110,387607,259558,18013,6458,2248740
2025-02-12,21,23,6,7,68,57,125,547838,714688,12425,6082,3636376
2025-02-13,35,31,7,6,72,79,151,1010137,1206148,10034,3917,3877773
2025-02-14,16,11,6,3,56,36,92,382970,245147,22390,8452,2741438
2025-02-15,17,14,2,3,49,36,85,391595,574260,2967,8121,2157988
2025-02-16,11,14,4,3,43,32,75,137065,507891,5698,5166,2428946
2025-02-17,19,10,5,3,43,37,80,451518,324761,22816,4785,2310561
2025-02-18,21,10,5,3,34,39,73,386826,248272,12151,0,2464650
2025-02-19,24,7,6,0,58,37,95,501936,124212,25369,0,2725974
2025-02-20,17,6,6,1,57,30,87,458676,382258,14801,0,2611064
2025-02-21,21,13,2,4,47,40,87,509375,639920,0,3192,2158389
2025-02-22,21,18,8,0,53,47,100,518590,561982,44403,0,3287427
2025-02-23,17,13,8,2,33,40,73,391750,466595,29876,11905,891467
2025-02-24,12,10,1,3,43,26,69,249041,443477,0,2060,1778785
2025-02-25,13,11,2,1,44,27,71,383996,713319,9015,6131,1721897
2025-02-26,12,10,3,2,28,27,55,303695,320917,9060,5133,1199614
2025-02-27,13,15,6,3,43,37,80,208116,504693,13249,3820,940050
2025-02-28,10,13,4,0,46,27,73,196547,1335812,43405,0,1405031
2025-03-01,11,14,5,3,42,33,75,196584,679558,33598,10090,1932263
2025-03-02,12,15,4,1,42,32,74,224548,659415,16235,0,2383995
2025-03-03,12,9,1,0,61,22,83,379025,320804,4418,0,3551132
2025-03-04,16,14,5,4,51,39,90,458844,668757,34699,10766,2385768
2025-03-05,23,19,3,1,54,46,100,562042,574602,13833,4442,2426495
2025-03-06,23,11,2,7,85,43,128,361606,499370,1913,11406,4403693
2025-03-07,14,9,7,1,66,31,97,333468,400789,13529,3818,2012782
2025-03-08,13,10,5,2,59,30,89,265448,395763,15426,0,2095830
2025-03-09,14,9,6,1,44,30,74,279179,207303,29383,0,2080133
2025-03-10,24,7,6,3,51,40,91,692624,291223,25871,12746,3465041
2025-03-11,15,11,3,3,33,32,65,488674,687346,5129,0,2542311
2025-03-12,21,9,4,1,52,35,87,543171,435338,24262,5858,2745555
2025-03-13,24,18,4,2,50,48,98,540908,520326,10996,6152,2076567
2025-03-14,17,21,3,2,41,43,84,378485,913665,18899,0,1663097
2025-03-15,22,12,8,1,58,43,101,397622,646608,21265,0,2385028
2025-03-16,26,15,15,4,71,60,131,739398,873166,100606,8274,3348158
2025-03-17,17,20,14,0,48,51,99,431919,811662,62970,0,2368542
2025-03-18,24,14,6,3,57,47,104,385764,369278,26752,5359,3311561
2025-03-19,22,11,4,4,50,41,91,818129,419866,19300,14171,2007546
2025-03-20,15,16,3,0,63,34,97,346709,810115,8118,0,3178055
2025-03-21,19,13,8,4,62,44,106,364588,640104,57463,10696,2482614
2025-03-22,15,6,6,0,44,27,71,309127,230954,35151,0,3006368
2025-03-23,21,17,7,3,50,48,98,605375,731515,37130,6642,2014740
2025-03-24,17,17,1,5,49,40,89,476732,889156,0,17427,1984315
2025-03-25,10,11,2,6,44,29,73,152928,458741,21283,16828,897553
2025-03-26,19,14,2,1,31,36,67,601502,304568,2246,0,952272
2025-03-27,25,18,3,1,41,47,88,808950,780772,9748,0,2694788
2025-03-28,32,24,6,0,73,62,135,757203,1009304,20986,0,3042317
2025-03-29,25,21,5,2,90,53,143,691783,739105,43727,5526,4029481
2025-03-30,18,15,4,5,84,42,126,396354,574419,30875,12514,2978000
2025-03-31,18,14,5,9,57,46,103,460515,543795,29692,19703,3027645
2025-04-01,36,19,3,10,73,68,141,836039,576353,40165,23442,3116039
2025-04-02,15,19,6,11,53,51,104,295331,496832,54782,23998,1690664
2025-04-03,14,8,1,4,58,27,85,315491,451847,2192,2993,2659881
2025-04-04,23,23,7,4,76,57,133,580347,1066872,20548,0,4503955
2025-04-05,24,20,4,3,55,51,106,494839,642533,21200,0,2468248
2025-04-06,29,16,10,3,68,58,126,737689,836693,72121,11375,2716688
2025-04-07,22,13,7,5,67,47,114,470330,498545,37411,7589,2780154
2025-04-08,15,17,3,7,76,42,118,356286,667559,8048,12002,3525756
2025-04-09,23,26,7,4,74,60,134,625031,823385,19816,3302,2684985
2025-04-10,25,21,8,2,67,56,123,571030,561291,32002,3963,3633402
2025-04-11,29,21,6,5,69,61,130,802202,585498,31235,13526,3561353
2025-04-12,24,22,5,4,61,55,116,549611,612714,48964,0,3862368
2025-04-13,25,17,4,3,71,49,120,617957,523217,58286,8538,3880730
2025-04-14,22,14,9,5,59,50,109,512670,519591,40869,7871,3216563
2025-04-15,10,11,4,3,32,28,60,279520,613389,21045,9741,1219726
2025-04-16,28,14,6,0,71,48,119,630100,830548,24172,0,3439877
2025-04-17,18,10,5,1,35,34,69,456106,812948,54641,5028,1069913
2025-04-18,10,9,3,4,21,26,47,219899,355513,16998,9842,903863
2025-04-19,17,12,1,3,36,33,69,599267,561833,5934,13594,1928138
2025-04-20,27,9,3,2,58,41,99,704371,413860,7583,3751,3186428
2025-04-21,23,17,6,4,74,50,124,414618,696559,9710,9521,3273360
2025-04-22,37,27,8,6,76,78,154,848209,1107576,35701,16317,3558785
2025-04-23,19,15,5,4,61,43,104,491328,742181,72711,9820,2815428
2025-04-24,24,17,7,5,57,53,110,499778,718092,23709,9363,1844101
2025-04-25,11,11,3,3,44,28,72,192355,403397,13556,9107,2071577
2025-04-26,22,16,5,6,90,49,139,615669,521926,12144,13300,3963917
2025-04-27,21,19,3,0,68,43,111,539676,674859,10955,0,3229002
2025-04-28,15,15,2,2,53,34,87,290318,499408,6594,7573,2053672
2025-04-29,18,20,2,2,48,42,90,514361,1006943,2545,2855,1994277
2025-04-30,19,22,4,3,50,48,98,322698,965841,7689,16114,2285155
2025-05-01,21,20,3,5,75,49,124,534263,832611,4484,7368,4317040
2025-05-02,27,11,5,4,72,47,119,673665,490609,33878,5665,2371651
2025-05-03,18,10,6,4,50,38,88,403955,292817,32311,11703,2438429
2025-05-04,18,15,4,3,58,40,98,370428,818680,16090,5247,3786372
2025-05-05,27,18,6,1,75,52,127,637105,881791,17182,0,3418375
2025-05-06,31,23,7,4,68,65,133,653723,1120442,19652,2470,2810352
2025-05-07,20,11,5,5,44,41,85,476953,412349,11674,9122,2284570
2025-05-08,7,3,2,2,27,14,41,227106,198990,25068,11582,626423
2025-05-09,18,16,4,4,62,42,104,345469,442571,16456,9708,1787170
2025-05-10,13,11,8,2,50,34,84,383815,284784,25126,5654,1668370
2025-05-11,19,14,6,1,65,40,105,330642,633614,20469,0,2738553
2025-05-12,24,24,7,2,82,57,139,611808,976748,52871,0,3829192
2025-05-13,18,24,9,4,71,55,126,445725,796819,27155,16810,2539034
2025-05-14,21,18,7,4,72,50,122,503257,537241,22231,12293,3110562
2025-05-15,25,8,7,3,52,43,95,675418,324368,48949,6295,2171805
2025-05-16,19,22,11,2,59,54,113,407616,846191,135107,3763,3527356
2025-05-17,31,18,7,5,67,61,128,842343,954065,36280,10099,2657617
2025-05-18,24,16,6,2,70,48,118,508101,735691,20369,4453,3292912
2025-05-19,18,14,7,3,54,42,96,534404,293797,5682,1877,1953777
2025-05-20,22,21,5,6,71,54,125,589010,606394,4585,11834,3709997
2025-05-21,24,16,6,4,61,50,111,570663,493578,29850,14405,1510259
2025-05-22,24,17,4,6,69,51,120,695305,406250,14839,2272,1927775
2025-05-23,15,19,7,4,60,45,105,323043,585785,21786,2984,2829349
2025-05-24,28,18,10,3,61,59,120,733021,814576,55040,12866,2853695
2025-05-25,24,18,5,1,57,48,105,454410,537395,53200,5653,2515692
2025-05-26,31,26,6,3,56,66,122,709002,838571,23977,2166,3225735
2025-05-27,33,15,6,3,56,57,113,895872,775321,12892,10033,2845632
2025-05-28,21,15,9,2,63,47,110,401822,794679,39851,0,3455462
2025-05-29,20,19,8,4,85,51,136,595019,917683,36247,2368,4444130
2025-05-30,16,18,9,4,86,47,133,387251,615393,51747,8647,2585922
2025-05-31,27,22,5,5,68,59,127,530017,706297,28662,2768,3046521
2025-06-01,34,17,10,3,69,64,133,896752,635884,32218,17363,3318106
2025-06-02,25,18,8,1,57,52,109,691433,410752,24604,3597,2749722
2025-06-03,17,19,8,4,60,48,108,509510,976394,23708,10655,2739637
2025-06-04,29,8,8,6,82,51,133,942616,382616,29517,19500,4132863
2025-06-05,20,16,4,2,65,42,107,653455,862530,11074,0,3037199
2025-06-06,14,15,4,4,59,37,96,318218,497838,3290,6653,1900548
2025-06-07,14,17,9,3,53,43,96,428358,469835,56130,2639,3083227
2025-06-08,23,26,9,1,69,59,128,627036,965788,44907,4318,3686265
2025-06-09,28,21,3,1,58,53,111,758379,648568,37063,2192,2402310
2025-06-10,28,17,4,3,52,52,104,572353,475510,53849,3982,2578770
2025-06-11,17,20,6,3,52,46,98,284372,828749,16912,4942,3124022
2025-06-12,16,11,5,2,60,34,94,497077,255528,36705,2353,2973832
2025-06-13,7,14,6,4,45,31,76,211225,448960,23915,14575,2197216
2025-06-14,20,21,3,4,56,48,104,511638,943431,7819,8924,2550939
2025-06-15,21,21,3,5,74,50,124,653121,839372,7763,0,4007382
2025-06-16,11,7,2,3,29,23,52,362918,228160,7732,4683,1162917
2025-06-17,21,12,4,1,49,38,87,472610,799136,8310,4538,2332753
2025-06-18,22,21,9,3,63,55,118,378477,651320,32694,7295,2219969
2025-06-19,26,15,3,4,60,48,108,522146,412109,13770,8015,3941677
2025-06-20,29,13,6,3,54,51,105,849433,470574,14922,9390,2460794
2025-06-21,21,9,4,5,49,39,88,522647,377282,9853,11415,1656722
2025-06-22,18,12,4,4,51,38,89,457457,509844,2914,12076,2936162
2025-06-23,20,18,6,4,44,48,92,557430,435687,22708,9451,2222171
2025-06-24,17,12,3,1,42,33,75,413894,272548,14550,0,1267133
2025-06-25,11,9,1,0,42,21,63,146496,367383,1851,0,1473448
2025-06-26,24,8,3,2,44,37,81,576308,390208,15259,7236,2337881
2025-06-27,22,12,7,3,51,44,95,630616,442429,87330,0,1639505
2025-06-28,20,14,9,2,44,45,89,311768,406086,24396,0,1980483
2025-06-29,23,19,9,7,72,58,130,464088,827925,36518,11500,3465006
2025-06-30,22,16,12,3,60,53,113,392785,577828,59473,6376,2592790
2025-07-01,24,17,9,2,48,52,100,610671,592882,42007,8039,1775752
2025-07-02,15,15,5,3,48,38,86,311488,884652,34141,17427,1797959
2025-07-03,11,15,4,5,41,35,76,288445,653211,14035,25180,2021659
2025-07-04,20,14,7,1,66,42,108,535610,642633,35788,0,3346527
2025-07-05,13,9,5,1,51,28,79,283690,311792,43782,0,1789242
2025-07-06,16,15,7,2,47,40,87,427924,649693,13301,7845,1413450
2025-07-07,15,10,7,2,37,34,71,271253,384942,30674,0,2279290
2025-07-08,19,17,8,3,47,47,94,383716,932091,18517,6577,1478452
2025-07-09,18,16,4,6,71,44,115,243639,791078,25413,12849,3801840
2025-07-10,21,15,3,2,58,41,99,497772,626106,37514,6328,2937781
2025-07-11,11,9,2,3,50,25,75,224555,502341,6920,10105,3621565
2025-07-12,27,21,1,3,67,52,119,560765,481569,6920,1853,4089853
2025-07-13,21,16,3,1,54,41,95,518450,377364,20486,3987,1805657
2025-07-14,24,18,5,5,63,52,115,583398,681771,44893,11517,2616893
2025-07-15,34,20,5,4,68,63,131,890766,709875,15390,10485,3803838
2025-07-16,20,30,4,4,74,58,132,437080,1291940,7981,4115,3388965
2025-07-17,19,21,5,5,58,50,108,465253,692784,6619,15150,2602317
2025-07-18,24,17,6,1,57,48,105,601350,509922,43331,7346,2658816
2025-07-19,22,13,5,2,64,42,106,716002,361023,23166,7210,3029488
2025-07-20,28,18,7,3,80,56,136,692999,836263,65809,6702,3917967
2025-07-21,17,17,7,3,53,44,97,483255,802338,15926,4013,3204741
2025-07-22,25,13,10,5,38,53,91,657335,649043,27531,19985,1560459
2025-07-23,19,24,8,6,68,57,125,315333,768750,51292,10116,2737792
2025-07-24,20,22,3,4,58,49,107,480045,966270,12733,9989,2780090
2025-07-25,18,10,4,4,57,36,93,350649,609765,15013,9931,2930353
2025-07-26,17,9,4,4,59,34,93,428129,433622,18327,4110,2488567
2025-07-27,17,18,8,6,68,49,117,418978,569742,36617,19340,3657144
2025-07-28,22,14,8,4,69,48,117,519444,407298,32109,7135,2596979
2025-07-29,25,12,7,6,66,50,116,771843,292798,42594,10111,2836982
2025-07-30,20,11,5,7,59,43,102,627725,568877,19428,13908,3615903
2025-07-31,26,19,8,3,69,56,125,583734,718716,25349,4340,3249668
2025-08-01,15,5,0,2,48,22,70,528788,367970,0,6089,1900730
2025-08-02,20,19,5,5,66,49,115,555899,659306,27334,6327,4234230
2025-08-03,16,21,4,2,53,43,96,390138,742934,40219,6071,2919725
2025-08-04,9,10,1,3,29,23,52,213268,560876,0,12458,1328092
2025-08-05,22,12,3,6,45,43,88,536033,347858,7594,4257,2584327
2025-08-06,14,19,7,5,37,45,82,364730,923227,40081,17163,1795994
2025-08-07,22,3,9,5,43,39,82,689650,82374,36957,6799,2372921
2025-08-08,15,13,3,4,51,35,86,412145,323104,4137,0,2254429
2025-08-09,12,7,4,2,44,25,69,323534,232560,17810,4010,2266293
2025-08-10,13,9,4,2,32,28,60,444088,385918,8980,5342,1905686
2025-08-11,17,12,8,2,51,39,90,474298,388114,36236,10445,2521965
2025-08-12,33,25,9,3,77,70,147,959966,867812,64930,0,3227213
2025-08-13,14,17,6,2,51,39,90,373722,769978,27717,0,2279216
2025-08-14,18,17,8,6,56,49,105,412692,651984,31208,12187,2816918
2025-08-15,13,8,4,2,43,27,70,343838,898174,29085,11707,1388712
2025-08-16,11,14,3,1,44,29,73,361804,1178710,4720,0,1850637
2025-08-17,17,11,5,5,45,38,83,533455,568166,20458,13467,2665643
2025-08-18,21,20,4,3,52,48,100,635578,699493,20997,0,2144480
2025-08-19,30,16,5,6,60,57,117,975163,620876,26000,11507,4316194
2025-08-20,16,11,4,4,49,35,84,283514,340054,7547,5664,2631654
2025-08-21,15,15,3,3,49,36,85,515976,710954,12821,10919,2479865
2025-08-22,24,14,7,6,83,51,134,694018,583815,14323,9873,3195372
2025-08-23,24,13,9,4,66,50,116,649339,566248,45201,9005,2899090
2025-08-24,27,19,6,4,72,56,128,457781,808364,32843,5980,3411960
2025-08-25,20,13,8,4,43,45,88,459313,424555,36686,7672,2086984
2025-08-26,18,10,6,2,40,36,76,493663,238441,37541,0,1667814
2025-08-27,15,18,7,6,47,46,93,355578,618216,10808,4827,2929045
2025-08-28,15,12,7,6,60,40,100,314409,380778,41219,23981,2289529
2025-08-29,28,17,9,7,67,61,128,756090,701534,46662,17621,3416770
2025-08-30,13,13,12,3,64,41,105,330029,601618,49565,3471,3905491
2025-08-31,16,15,8,5,56,44,100,303585,375824,40465,16454,3162921
2025-09-01,26,13,4,2,65,45,110,812138,516923,7527,0,3235585
2025-09-02,21,20,4,3,54,48,102,719652,737638,4394,9486,1906566
2025-09-03,17,21,8,7,47,53,100,259630,859759,32319,18897,2429378
2025-09-04,13,11,2,1,32,27,59,361936,429521,8817,1487,1136592
2025-09-05,27,20,4,1,86,52,138,658319,762055,17563,3212,4471592
2025-09-06,20,11,8,1,54,40,94,498752,405036,90188,2724,3071388
2025-09-07,21,19,8,4,65,52,117,508724,1426922,87725,11552,3178836
2025-09-08,25,18,4,5,61,52,113,594697,1138037,13558,11552,2687850
2025-09-09,24,18,11,3,51,56,107,666110,986354,51137,10168,1990812
2025-09-10,20,15,14,5,53,54,107,389983,442249,74264,11242,2747988
2025-09-11,16,9,11,3,38,39,77,463734,392866,36111,4177,1821857
2025-09-12,10,7,4,2,43,23,66,478935,214481,27901,3385,1208459
2025-09-13,19,9,3,2,40,33,73,606940,477446,13172,599,1671420
2025-09-14,8,8,5,3,35,24,59,187245,236069,21573,7828,1339968
2025-09-15,12,11,7,3,37,33,70,208172,240679,37685,2880,911409
2025-09-16,17,6,1,4,48,28,76,501265,198266,0,2790,1699926
2025-09-17,31,14,3,9,71,57,128,632939,327551,1472,21319,3174206
2025-09-18,17,16,4,8,61,45,106,358187,503281,18276,28536,2932554
2025-09-19,14,10,4,3,36,31,67,391460,466501,10951,0,1852708
2025-09-20,9,12,1,0,55,22,77,344738,444392,3212,0,2166435
2025-09-21,11,12,2,1,54,26,80,239869,335084,7186,4504,1683122
2025-09-22,4,12,6,2,30,24,54,75440,215794,47748,6404,1067634
2025-09-23,20,13,6,5,63,44,107,626551,335335,39256,15703,3058164
2025-09-24,18,16,6,6,60,46,106,492455,672516,12570,21392,2236283
2025-09-25,24,14,5,2,30,45,75,574384,513826,15423,5501,1745296
2025-09-26,8,22,5,1,30,36,66,158051,777849,10554,0,936954
2025-09-27,14,15,7,0,49,36,85,495408,518060,35244,0,2749108
2025-09-28,20,12,7,2,69,41,110,511758,456895,25517,12663,3983107
2025-09-29,14,14,6,7,56,41,97,381949,435069,15565,22582,1705959
2025-09-30,26,14,10,7,72,57,129,704929,558974,38605,11589,3249270
2025-10-01,20,15,8,3,69,46,115,371543,450222,27790,5664,3340995
2025-10-02,24,15,3,6,74,48,122,604570,481569,11443,17490,4499513
2025-10-03,29,22,3,6,76,60,136,855549,702095,10722,12171,3787354
2025-10-04,28,20,7,4,90,59,149,579643,616259,8843,12674,2487738
2025-10-05,24,21,8,5,77,58,135,613509,732612,29750,6454,3713327
2025-10-06,18,18,3,2,34,41,75,548574,1110497,20189,4554,2137777
2025-10-07,10,2,1,3,19,16,35,244959,71715,0,0,811976
2025-10-08,12,9,4,4,29,29,58,174479,306560,32343,6503,1074042
2025-10-09,10,11,2,1,32,24,56,277708,291059,17039,1910,1793483
2025-10-10,13,12,7,2,29,34,63,503134,266685,33981,0,981963
2025-10-11,10,9,4,3,25,26,51,350462,277983,72239,0,933019
2025-10-12,12,13,8,2,32,35,67,415277,804869,30003,8992,964918
2025-10-13,15,14,10,5,43,44,87,383252,748437,58711,13537,1699831
2025-10-14,28,23,6,4,75,61,136,861544,1035000,33583,6367,4942766
2025-10-15,10,8,3,1,39,22,61,222547,303073,14608,0,1908487
2025-10-16,12,10,3,0,26,25,51,294300,643868,13619,0,1289034
2025-10-17,14,18,6,1,28,39,67,301106,907107,24386,0,1337493
2025-10-18,13,13,6,2,51,34,85,458760,736883,14126,12669,1777863
2025-10-19,15,11,2,2,41,30,71,550419,635778,1754,0,2085315
2025-10-20,7,14,3,6,36,30,66,281441,773859,29917,30755,1738882
2025-10-21,18,12,3,2,45,35,80,410776,375364,19777,4050,1666895
2025-10-22,15,13,5,8,58,41,99,187039,299138,8246,13599,3167611
2025-10-23,17,14,3,4,55,38,93,488805,459074,6900,11289,2645992
2025-10-24,19,22,4,2,71,47,118,685575,1217688,15839,8549,2434384
2025-10-25,18,18,6,3,68,45,113,512685,828787,29778,4776,3622719
2025-10-26,20,12,5,2,41,39,80,581822,421291,33076,0,2548983
2025-10-27,17,11,4,6,51,38,89,410780,459910,11089,2465,2442008
2025-10-28,31,21,3,3,71,58,129,815501,670390,11675,7997,2979192
2025-10-29,17,16,7,2,58,42,100,440437,396163,23349,6000,2449676
2025-10-30,15,14,7,7,42,43,85,447098,657061,32483,10416,2134991
2025-10-31,19,16,6,2,56,43,99,483758,422157,56605,2135,4082819
2025-11-01,17,13,2,1,55,33,88,440687,554284,12366,2342,2064402
2025-11-02,15,9,3,3,43,30,73,381823,431629,12347,0,1929112
2025-11-03,4,7,4,0,15,15,30,122228,260916,14556,0,438854
2025-11-04,9,8,2,2,38,21,59,245157,241496,17860,3706,1404930
2025-11-05,11,8,2,2,36,23,59,207934,238762,18705,0,2510242
2025-11-06,16,13,7,2,49,38,87,292623,447564,37226,6702,2218214
2025-11-07,16,19,6,3,50,44,94,390297,683720,24412,6702,3135684
2025-11-08,20,25,2,4,72,51,123,430969,621722,16823,7346,3915654
2025-11-09,13,10,3,4,56,30,86,279510,388871,33181,7346,3482241
2025-11-10,10,14,2,3,44,29,73,281569,781627,24274,7534,2061760
2025-11-11,20,12,5,2,60,39,99,319594,386563,19092,5780,2256665
2025-11-12,13,11,5,2,40,31,71,260408,313641,17795,847,1473268
2025-11-13,12,17,6,1,42,36,78,407665,651112,16676,0,2082407
2025-11-14,10,12,5,8,50,35,85,280415,520402,7796,9901,3242326
2025-11-15,14,15,3,3,45,35,80,376854,786679,7556,8398,2803891
2025-11-16,12,13,5,2,24,32,56,478207,505542,32366,0,962361
2025-11-17,9,7,3,1,33,20,53,234979,304825,27008,0,1353855
2025-11-18,8,7,3,4,31,22,53,208591,346091,16289,7176,1821907
2025-11-19,12,13,1,4,48,30,78,236638,564972,10550,19046,2280048
2025-11-20,13,7,2,3,55,25,80,358200,372826,724,9139,2706942
2025-11-21,9,8,1,1,39,19,58,316688,205947,1208,0,1675995
2025-11-22,10,13,3,2,36,28,64,189353,362121,12966,3491,1357911
2025-11-23,13,12,5,4,33,34,67,335619,272948,10987,6784,1141843
2025-11-24,14,8,3,4,30,29,59,385452,384182,3709,6534,1243561
2025-11-25,13,14,4,3,41,34,75,322129,656974,5569,2177,1704153
2025-11-26,7,12,6,3,34,28,62,198312,484289,34689,4634,1521052
2025-11-27,8,10,4,0,35,22,57,210980,357328,14371,0,2125050
2025-11-28,8,15,2,2,30,27,57,137217,547784,23884,7775,1443139
2025-11-29,14,8,2,1,29,25,54,301029,419280,8176,0,1142364
2025-11-30,9,8,8,1,39,26,65,200499,216878,51435,0,2787210
2025-12-01,8,16,10,0,40,34,74,206178,796480,63795,0,3349927
2025-12-02,13,16,3,2,34,34,68,488547,395818,15066,2375,1412492
2025-12-03,11,9,4,4,31,28,59,411452,480060,24346,12457,1587414
2025-12-04,10,5,2,0,35,17,52,537970,337538,12474,0,2109436
2025-12-05,2,15,2,0,36,19,55,2927,357316,21527,0,1300446
2025-12-06,13,16,1,4,46,34,80,324777,364876,16876,11389,1955064
2025-12-07,9,11,2,1,34,23,57,226237,700927,6856,3699,1517508
2025-12-08,13,17,2,5,39,37,76,455810,859305,14695,9120,1325305
2025-12-09,14,19,6,3,55,42,97,481290,590279,19148,7925,1900812
2025-12-10,6,10,7,1,35,24,59,311773,615929,36141,0,1052150
2025-12-11,8,11,6,2,36,27,63,216425,239978,14436,0,2032889
2025-12-12,6,10,4,2,29,22,51,66323,305438,14078,0,1488358
2025-12-13,9,6,4,2,32,21,53,314970,125178,58614,0,1809445
2025-12-14,8,5,3,0,42,16,58,302440,264303,9793,0,2544154
2025-12-15,13,13,3,4,23,33,56,317274,748229,13025,10975,1423276
2025-12-16,12,10,3,1,38,26,64,412910,475798,14749,7573,2001520
2025-12-17,4,5,4,1,32,14,46,65124,234002,5528,0,1315910
2025-12-18,11,11,4,1,41,27,68,516840,449986,8477,6492,2204155
2025-12-19,9,7,1,0,23,17,40,444380,192134,0,0,1169346
2025-12-20,11,15,4,2,25,32,57,387795,838075,18318,7645,1169573
2025-12-21,13,14,0,1,36,28,64,412109,842724,0,0,1018482
2025-12-22,4,9,5,2,27,20,47,137952,347733,29863,3150,858100
2025-12-23,10,7,1,2,13,20,33,324805,278583,13937,9878,1113473
2025-12-24,14,19,5,1,34,39,73,498086,904304,29917,3621,1099189
2025-12-25,9,18,5,4,26,36,62,314592,817547,13111,9853,1149095
2025-12-26,10,10,5,0,37,25,62,227796,443654,16473,0,2503352
2025-12-27,10,11,8,2,45,31,76,352607,398470,24564,5411,2021134
2025-12-28,5,13,5,2,23,25,48,90825,272112,20679,0,1598548
2025-12-29,13,5,6,3,34,27,61,619894,157325,23471,20747,802818
2025-12-30,16,12,7,3,42,38,80,474022,555861,24669,10383,1766483
2025-12-31,13,11,4,5,52,33,85,256387,236972,9256,10880,2166981
2026-01-01,24,7,4,4,39,39,78,803554,249490,36101,3992,2297725
2026-01-02,9,16,4,2,27,31,58,294324,659538,40393,0,1562902
2026-01-03,13,7,2,2,28,24,52,517085,746083,5384,0,1011537
2026-01-04,10,16,3,4,28,33,61,350208,835878,1819,20261,1414835
2026-01-05,13,11,8,0,34,32,66,430830,339390,20820,0,1948403
2026-01-06,15,5,8,4,38,32,70,357813,276037,54866,15133,995188
2026-01-07,13,14,5,3,53,35,88,318252,458220,32835,7824,2045098
2026-01-08,12,12,3,3,45,30,75,575348,484342,18437,9895,2536474
2026-01-09,12,16,6,5,50,39,89,403903,560676,17773,8308,3108586
2026-01-10,14,16,8,5,40,43,83,441598,435668,34334,1341,1412672
2026-01-11,22,12,5,5,39,44,83,794142,364904,13875,4889,2105864
2026-01-12,11,9,4,4,39,28,67,420849,307108,11450,8664,1716419
2026-01-13,14,13,8,3,34,38,72,498090,323308,16593,9024,1143290
2026-01-14,7,14,8,4,40,33,73,183490,476341,26295,19159,1636097
2026-01-15,15,13,5,3,42,36,78,622655,438112,35616,15048,2127519
2026-01-16,10,10,3,5,39,28,67,365359,547466,14885,14604,1559037
2026-01-17,6,10,4,1,27,21,48,252884,633820,7718,0,1213332
2026-01-18,13,12,8,4,25,37,62,526021,415389,42349,7527,1341986
2026-01-19,11,14,8,2,33,35,68,299368,1260749,60632,873,926797
2026-01-20,13,13,2,6,37,34,71,411799,1309072,16465,12539,1300282
2026-01-21,19,11,3,2,34,35,69,523740,536358,17369,6676,2520181
2026-01-22,7,16,5,4,41,32,73,239367,713838,43480,4013,1481859
2026-01-23,10,13,9,1,35,33,68,455080,494392,46279,4013,1357386
2026-01-24,11,12,5,4,24,32,56,311590,294766,29379,10976,907050
2026-01-25,11,9,7,3,48,30,78,269145,401633,43189,10976,2790838
2026-01-26,9,9,8,3,28,29,57,234307,476959,19705,2105,1566326
2026-01-27,21,7,6,3,35,37,72,577847,38852,19194,7622,1556260
2026-01-28,14,10,6,2,46,32,78,455964,286111,16631,8606,1791378
2026-01-29,15,11,8,3,51,37,88,463964,329411,35138,16863,2309923
2026-01-30,13,13,6,4,48,36,84,374149,528097,19777,0,1987117
2026-01-31,11,20,8,2,49,41,90,259422,1298848,47657,3793,2228666
2026-02-01,13,16,6,5,28,40,68,291445,544297,46985,8475,1153914
2026-02-02,11,8,6,4,48,29,77,405544,392145,27442,4411,2822308
2026-02-03,15,11,10,2,45,38,83,422184,493971,67443,2609,1790511
2026-02-04,11,11,7,1,21,30,51,236269,393156,27710,5042,983924
2026-02-05,15,17,6,2,36,40,76,644868,435593,20448,7838,1814047
2026-02-06,8,15,3,3,45,29,74,168876,626914,16149,12239,2124033
2026-02-07,7,15,2,1,46,25,71,152456,311115,7212,4621,2487346
2026-02-08,13,12,6,1,39,32,71,328845,360052,33334,4671,1188475
2026-02-09,4,14,3,3,38,24,62,140093,667550,9627,7593,1002564
2026-02-10,12,13,4,2,49,31,80,416488,667491,5682,1865,2942094
2026-02-11,12,17,7,2,54,38,92,326992,400537,32402,1254,1454258
2026-02-12,12,22,8,2,35,44,79,369880,740164,45278,3206,1818114
2026-02-13,23,23,5,5,65,56,121,777614,865113,4843,0,2783046
2026-02-14,22,23,6,3,69,54,123,731927,921727,14027,3793,3561811
2026-02-15,13,20,6,2,46,41,87,655945,783273,34375,4388,1642361
2026-02-16,8,7,6,2,39,23,62,178290,202131,37536,9009,1584410
2026-02-17,17,14,4,6,43,41,84,536981,732264,13122,7476,2491565
2026-02-18,18,19,7,4,50,48,98,401810,858315,25067,3852,2791648
2026-02-19,25,24,8,3,75,60,135,715816,1141066,38860,6223,4257843
2026-02-20,21,16,6,2,66,45,111,508209,754686,38947,0,3074888
2026-02-21,14,21,2,4,67,41,108,258469,525782,18090,5308,2599939
2026-02-22,33,23,7,6,83,69,152,825594,945604,36385,11946,3879234
2026-02-23,11,18,6,7,73,42,115,226589,643636,20272,15589,2948390
2026-02-24,12,12,2,6,32,32,64,452247,425157,3779,13867,1669159
2026-02-25,31,20,7,5,66,63,129,784889,720978,43855,0,4461976
2026-02-26,21,15,13,3,55,52,107,470510,583498,65259,0,1415483
2026-02-27,8,15,6,1,35,30,65,260760,468908,13932,0,914016
2026-02-28,7,12,2,1,35,22,57,154123,300921,16038,3493,2543517
2026-03-01,3,8,3,0,10,14,24,64346,325592,13807,0,446614
2026-03-02,0,4,0,0,2,4,6,0,61822,0,0,6701
2026-03-03,1,2,0,0,2,3,5,0,96964,0,0,6701
2026-03-04,0,2,0,0,0,2,2,0,44916,0,0,0
2026-03-05,0,2,1,0,1,3,4,0,69298,5901,0,0
2026-03-06,0,2,0,0,0,2,2,0,102287,0,0,0
2026-03-07,0,3,1,0,0,4,4,0,153583,0,0,0
2026-03-08,1,1,0,0,0,2,2,0,51168,0,0,0
2026-03-09,0,0,1,0,0,1,1,0,0,1599,0,0
2026-03-10,0,1,0,0,1,1,2,0,0,0,0,42122
2026-03-11,1,1,0,0,1,2,3,0,43477,0,0,51338
2026-03-12,1,0,0,0,0,1,1,0,0,0,0,0
2026-03-13,0,0,0,0,0,0,0,0,0,0,0,0
2026-03-14,0,0,0,0,0,0,0,0,0,0,0,0
2026-03-15,2,3,0,0,2,5,7,24093,0,0,0,339183
2026-03-16,2,3,0,0,0,5,5,24093,0,0,0,0
2026-03-17,2,0,1,0,1,3,4,24093,0,449,0,47804
2026-03-18,1,0,0,0,0,1,1,16819,0,0,0,0
2026-03-19,1,1,0,0,0,2,2,16819,0,0,0,0
2026-03-20,1,2,0,0,2,3,5,16819,74945,0,0,118692
2026-03-21,0,2,0,0,0,2,2,0,50822,0,0,0
2026-03-22,0,4,0,0,0,4,4,0,82211,0,0,0
2026-03-23,0,4,0,0,2,4,6,0,120046,0,0,48834
2026-03-24,0,2,1,0,1,3,4,0,0,12988,0,0
2026-03-25,0,2,1,0,1,3,4,0,0,12988,0,0
2026-03-26,0,6,1,0,0,7,7,0,73148,12988,0,0
2026-03-27,0,4,1,0,0,5,5,0,68784,12988,0,0
2026-03-28,0,7,1,0,1,8,9,0,163730,12988,0,5464
2026-03-29,0,2,3,0,2,5,7,0,117202,17438,0,5464
2026-03-30,2,0,3,0,5,5,10,107592,0,17438,0,4062
2026-03-31,1,1,4,0,5,6,11,6722,0,24140,0,74905
2026-04-01,0,5,3,0,3,8,11,0,129675,17610,0,74905
2026-04-02,0,2,3,0,1,5,6,0,90660,17610,0,0
2026-04-03,0,1,3,0,5,4,9,0,50383,17610,0,97195
2026-04-04,1,6,2,0,4,9,13,25200,71283,15269,0,38238
2026-04-05,1,3,2,0,5,6,11,25200,81521,15269,0,264106
2026-04-06,2,4,2,0,1,8,9,28705,155084,12988,0,0
2026-04-07,1,2,1,0,3,4,7,3504,95262,12988,0,69890
2026-04-08,0,4,1,0,1,5,6,0,86638,12988,0,141855
2026-04-09,0,2,1,0,5,3,8,0,51274,12988,0,164591
2026-04-10,0,3,1,0,1,4,5,0,0,12988,0,21001
2026-04-11,1,3,1,0,4,5,9,70087,44690,12988,0,287665
2026-04-12,2,8,1,0,4,11,15,90024,154589,12988,0,33937
2026-04-13,2,1,2,0,4,5,9,102161,0,12988,0,36638
2026-04-14,2,2,0,0,5,4,9,122240,31086,0,0,79555
2026-04-15,3,3,0,0,7,6,13,144975,314972,0,0,54951
2026-04-16,1,5,0,0,5,6,11,3441,0,0,0,129222
2026-04-17,2,6,0,0,10,8,18,95556,0,0,0,147901
2026-04-18,4,4,0,0,14,8,22,127378,184207,0,0,586984
2026-04-19,1,0,1,0,5,2,7,24546,0,4793,0,149988
2026-04-20,2,0,1,0,5,3,8,44248,0,4793,0,145835
2026-04-21,1,0,0,0,3,1,4,20333,0,0,0,109256
2026-04-22,2,1,0,0,4,3,7,72964,47075,0,0,67426
2026-04-23,0,1,0,0,2,1,3,0,33377,0,0,67426
2026-04-24,0,2,3,0,3,5,8,0,92168,901,0,67426
2026-04-25,0,1,3,0,2,4,6,0,53679,901,0,77025
2026-04-26,0,0,1,0,2,1,3,0,0,11122,0,34143
2026-04-27,0,0,0,0,0,0,0,0,0,0,0,0
2026-04-28,0,1,2,0,2,3,5,0,46585,13090,0,323392
2026-04-29,0,1,1,0,3,2,5,0,314972,591,0,11036
2026-04-30,1,2,0,0,4,3,7,0,62843,0,0,64253
2026-05-01,1,3,2,0,4,6,10,0,95476,692,0,83813
2026-05-02,0,3,2,0,5,5,10,0,62843,6529,0,93041
2026-05-03,0,3,2,0,1,5,6,0,120547,7250,0,0
2026-05-04,1,2,1,0,0,4,4,12784,7033,899,0,0
2026-05-05,0,1,0,0,0,1,1,0,5650,0,0,0
2026-05-06,0,2,0,0,0,2,2,0,7033,0,0,0
2026-05-07,0,3,0,0,1,3,4,0,36932,0,0,0
2026-05-08,0,3,0,0,1,3,4,0,133007,0,0,38238
2026-05-09,0,3,0,0,2,3,5,0,133007,0,0,136764
2026-05-10,1,5,0,0,3,6,9,7273,263931,0,0,357615
2026-05-11,0,5,0,0,4,5,9,0,159388,0,0,88456
2026-05-12,0,3,1,1,1,5,6,0,133007,344,0,0
2026-05-13,0,3,2,1,2,6,8,0,133007,1425,0,349804
2026-05-14,1,3,1,0,4,5,9,16699,133007,675,0,42976
2026-05-15,0,2,1,0,2,3,5,0,133007,10961,0,5341
2026-05-16,0,5,3,0,2,8,10,0,210940,12433,0,41921
2026-05-17,0,2,1,0,2,3,5,0,136923,10961,0,13968
2026-05-18,1,2,2,0,1,5,6,1990,136923,692,0,13968
2026-05-19,1,2,1,0,3,4,7,38979,136923,0,0,570517
2026-05-20,2,5,1,0,5,8,13,23766,272506,0,0,588209
2026-05-21,1,3,2,0,2,6,8,19702,167598,721,0,42682
2026-05-22,0,5,1,0,0,6,6,0,188197,0,0,0
2026-05-23,0,5,2,0,1,7,8,0,186248,324,0,284471
2026-05-24,0,6,1,0,2,7,9,0,217818,0,0,6839
2026-05-25,1,4,2,0,0,7,7,16699,136923,749,0,0
2026-05-26,0,4,1,0,2,5,7,0,136923,0,0,0
2026-05-27,0,3,1,0,2,4,6,0,136923,0,0,106096
2026-05-28,0,3,1,0,0,4,4,0,201462,692,0,0
2026-05-29,0,2,1,1,0,4,4,0,136923,692,6056,0
2026-05-30,0,3,1,0,1,4,5,0,97080,0,0,0
2026-05-31,0,2,1,0,0,3,3,0,44505,329,0,0
2026-06-01,0,1,0,0,2,1,3,0,52053,0,0,38238
2026-06-02,0,1,0,1,4,2,6,0,32472,0,6245,37590
2026-06-03,0,4,2,1,4,7,11,0,134412,1186,6245,12593
2026-06-04,0,1,3,0,2,4,6,0,0,1047,0,8271
2026-06-05,0,1,2,0,0,3,3,0,0,1047,0,0
2026-06-06,0,3,0,0,0,3,3,0,93370,0,0,0
2026-06-07,1,1,0,0,1,2,3,12784,40897,0,0,0
2026-06-08,2,1,3,0,2,6,8,41108,0,13545,0,50124
2026-06-09,0,2,2,0,2,4,6,0,61289,11821,0,48671
2026-06-10,0,2,3,0,1,5,6,0,0,13825,0,5341
2026-06-11,0,3,2,0,2,5,7,0,69303,11637,0,11142
2026-06-12,0,3,3,0,1,6,7,0,69303,12761,0,11375
2026-06-13,0,4,0,0,0,4,4,0,95684,0,0,0
2026-06-14,0,6,0,0,0,6,6,0,218720,0,0,0
2026-06-15,0,7,3,0,1,10,11,0,277770,1089,0,0
2026-06-16,3,5,2,0,2,10,12,54681,169396,2864,0,35583
2026-06-17,3,8,3,0,1,14,15,54288,213670,15405,0,4593
2026-06-18,2,8,1,0,11,11,22,37120,419564,10961,0,459872
2026-06-19,2,3,3,0,5,8,13,48415,156925,12352,0,889755
2026-06-20,2,7,5,0,12,14,26,51891,326151,49364,0,543037
2026-06-21,1,3,3,0,1,7,8,0,136938,16931,0,65755
2026-06-22,0,4,1,0,9,5,14,0,145002,0,0,618208
2026-06-23,2,5,3,0,5,10,15,47232,171205,3699,0,839231
2026-06-24,7,20,2,1,21,30,51,106266,655050,1510,0,1546046
2026-06-25,9,14,4,0,23,27,50,95536,580212,12968,0,1383947
2026-06-26,3,10,5,0,19,18,37,49173,363800,31118,0,708895
2026-06-27,5,7,6,0,9,18,27,165948,272380,56790,0,552718
2026-06-28,4,2,3,0,11,9,20,144356,119531,21719,0,448071
2026-06-29,6,9,3,0,13,18,31,106871,365934,27949,0,1131108
2026-06-30,2,10,3,0,6,15,21,54426,437079,22595,0,264380
2026-07-01,5,8,4,0,23,17,40,72556,248849,12346,0,1720088
2026-07-02,6,7,3,0,18,16,34,82846,298898,1667,0,565406
2026-07-03,2,6,2,0,21,10,31,31541,296800,1863,0,1127426
2026-07-04,4,4,3,0,11,11,22,86174,119464,2208,0,360954
2026-07-05,4,5,1,0,16,10,26,86174,110578,749,0,782230
2026-07-06,4,5,3,2,14,14,28,88876,154293,1442,0,2066636
2026-07-07,2,8,2,4,12,16,28,26554,161561,13019,0,1210489
2026-07-08,2,5,3,0,5,10,15,22949,137700,21083,0,286101
2026-07-09,2,2,3,0,4,7,11,6463,100711,14556,0,45539
2026-07-10,1,2,2,0,4,5,9,41253,70472,3594,0,56979
2026-07-11,2,3,1,0,4,6,10,39024,109979,569,0,167273
2026-07-12,2,0,3,0,1,5,6,39024,0,1561,0,58739
2026-07-13,3,1,3,0,2,7,9,60471,0,1316,0,42247
2026-07-14,3,2,1,0,5,6,11,98940,50940,107,0,45089
2026-07-15,3,3,1,0,5,7,12,99629,191547,749,0,42685
2026-07-16,4,2,2,0,2,8,10,105953,66636,1449,0,0
2026-07-17,2,3,3,0,3,8,11,63665,99109,17602,0,1231
2026-07-18,3,5,3,0,6,11,17,77746,253608,17602,0,76153
2026-07-19,4,2,4,1,4,11,15,74735,66636,1691,341,39216
